Interaction index,Player index,Opponent index,Repetition,Player name,Opponent name,Actions,Score,Score difference,Turns,Score per turn,Score difference per turn,Win,Winner List,Initial cooperation,Cooperation count,CC count,CD count,DC count,DD count,CC to C count,CC to D count,CD to C count,CD to D count,DC to C count,DC to D count,DD to C count,DD to D count,Good partner
0,0,0,0,Tit For Tat,Tit For Tat,CCCCCCCCCCCCCCCCCCCCCCCCCCCCCCCCCCCCCCCCCCCCCCCCCCCCCCCCCCCCCCCCCCCCCCCCCCCCCCCCCCCCCCCCCCCCCCCCCCCCCCCCCCCCCCCCCCCCCCCCCCCCCCCCCCCCCCCCCCCCCCCCCCCCCCCCCCCCCCCCCCCCCCCCCCCCCCCCCCCCCCC,549,0,183,3.0,0.0,0,"[0, 0, 1]",True,183,183,0,0,0,182,0,0,0,0,0,0,0,1
0,0,0,0,Tit For Tat,Tit For Tat,CCCCCCCCCCCCCCCCCCCCCCCCCCCCCCCCCCCCCCCCCCCCCCCCCCCCCCCCCCCCCCCCCCCCCCCCCCCCCCCCCCCCCCCCCCCCCCCCCCCCCCCCCCCCCCCCCCCCCCCCCCCCCCCCCCCCCCCCCCCCCCCCCCCCCCCCCCCCCCCCCCCCCCCCCCCCCCCCCCCCCCC,549,0,183,3.0,0.0,0,"[0, 0, 1]",True,183,183,0,0,0,182,0,0,0,0,0,0,0,1
1,0,1,0,Tit For Tat,"First by Tideman and Chieruzzi: (D, D)",CCCCCCCCCCCCCCCCCCCCCCCCCCCCCCCCCCCCCCCCCCCCCCCCCCCCCCCCCCCCCCCCCCCCCCCCCCCCCCCCCCCCCCCCCCCCCCCCCCCCCCCCCCCCCCCCCCCCCCCCCCCCCCCCCCCCCCCCCCCCCCCCCCCCCCCCCCCCCCCCCCCCCCCCCCCCCCCCCCCCCCCCCCD,556,-5,187,2.9732620320855614,-0.026737967914438502,0,"[0, 1, 0]",True,186,185,1,0,1,185,0,0,1,0,0,0,0,1
1,1,0,0,"First by Tideman and Chieruzzi: (D, D)",Tit For Tat,CCCCCCCCCCCCCCCCCCCCCCCCCCCCCCCCCCCCCCCCCCCCCCCCCCCCCCCCCCCCCCCCCCCCCCCCCCCCCCCCCCCCCCCCCCCCCCCCCCCCCCCCCCCCCCCCCCCCCCCCCCCCCCCCCCCCCCCCCCCCCCCCCCCCCCCCCCCCCCCCCCCCCCCCCCCCCCCCCCCCCCCCCDD,561,5,187,3.0,0.026737967914438502,1,"[0, 1, 0]",True,185,185,0,1,1,184,1,0,0,0,1,0,0,0
2,0,2,0,Tit For Tat,First by Nydegger,CCCCCCCCCCCCCCCCCCCCCCCCCCCCCCCCCCCCCCCCCCCCCCCCCCCCCCCCCCCCCCCCCCCCCCCCCCCCCCCCCCCCCCCCCCCCCCCCCCCCCCCCCCCCCCCCCCCCCCCCCCCCCCCCCCCCCCCCCCCCCCCCCCCCCCCCCCCCCCCCCCCCCCCCCCCCCCCCCCCCC,543,0,181,3.0,0.0,0,"[0, 0, 1]",True,181,181,0,0,0,180,0,0,0,0,0,0,0,1
2,2,0,0,First by Nydegger,Tit For Tat,CCCCCCCCCCCCCCCCCCCCCCCCCCCCCCCCCCCCCCCCCCCCCCCCCCCCCCCCCCCCCCCCCCCCCCCCCCCCCCCCCCCCCCCCCCCCCCCCCCCCCCCCCCCCCCCCCCCCCCCCCCCCCCCCCCCCCCCCCCCCCCCCCCCCCCCCCCCCCCCCCCCCCCCCCCCCCCCCCCCCC,543,0,181,3.0,0.0,0,"[0, 0, 1]",True,181,181,0,0,0,180,0,0,0,0,0,0,0,1
3,0,3,0,Tit For Tat,First by Grofman,CCCCCCCCCCCCCCCCCCCCCCCCCCCCCCCCCCCCCCCCCCCCCCCCCCCCCCCCCCCCCCCCCCCCCCCCCCCCCCCCCCCCCCCCCCCCCCCCCCCCCCCCCCCCCCCCCCCCCCCCCCCCCCCCCCCCCCCCCCCCCCCCCCCCCCCCCCCCCCCCCCCCCCCCCCCCCCCCCCCCCCCCCC,558,0,186,3.0,0.0,0,"[0, 0, 1]",True,186,186,0,0,0,185,0,0,0,0,0,0,0,1
3,3,0,0,First by Grofman,Tit For Tat,CCCCCCCCCCCCCCCCCCCCCCCCCCCCCCCCCCCCCCCCCCCCCCCCCCCCCCCCCCCCCCCCCCCCCCCCCCCCCCCCCCCCCCCCCCCCCCCCCCCCCCCCCCCCCCCCCCCCCCCCCCCCCCCCCCCCCCCCCCCCCCCCCCCCCCCCCCCCCCCCCCCCCCCCCCCCCCCCCCCCCCCCCC,558,0,186,3.0,0.0,0,"[0, 0, 1]",True,186,186,0,0,0,185,0,0,0,0,0,0,0,1
4,0,4,0,Tit For Tat,First by Shubik,CCCCCCCCCCCCCCCCCCCCCCCCCCCCCCCCCCCCCCCCCCCCCCCCCCCCCCCCCCCCCCCCCCCCCCCCCCCCCCCCCCCCCCCCCCCCCCCCCCCCCCCCCCCCCCCCCCCCCCCCCCCCCCCCCCCCCCCCCCCCCCCCCCCCCCCCCCCCCCCCCCCCCCCCCCCCCCCCCCCCCCCCCCCCCCCCCCCCCCCCCCCCCCCCCCCC,636,0,212,3.0,0.0,0,"[0, 0, 1]",True,212,212,0,0,0,211,0,0,0,0,0,0,0,1
4,4,0,0,First by Shubik,Tit For Tat,CCCCCCCCCCCCCCCCCCCCCCCCCCCCCCCCCCCCCCCCCCCCCCCCCCCCCCCCCCCCCCCCCCCCCCCCCCCCCCCCCCCCCCCCCCCCCCCCCCCCCCCCCCCCCCCCCCCCCCCCCCCCCCCCCCCCCCCCCCCCCCCCCCCCCCCCCCCCCCCCCCCCCCCCCCCCCCCCCCCCCCCCCCCCCCCCCCCCCCCCCCCCCCCCCCCC,636,0,212,3.0,0.0,0,"[0, 0, 1]",True,212,212,0,0,0,211,0,0,0,0,0,0,0,1
5,0,5,0,Tit For Tat,"First by Stein and Rapoport: 0.05: (D, D)",CCCCCCCCCCCCCCCCCCCCCCCCCCCCCCCCCCCCCCCCCCCCCCCCCCCCCCCCCCCCCCCCCCCCCCCCCCCCCCCCCCCCCCCCCCCCCCCCCCCCCCCCCCCCCCCCCCCCCCCCCCCCCCCCCCCCCCCCCCCCCCCCCCCCCCCCCCCCCCCCCCCCCCCCCCCCCCCCCCCCCCCCCCCCCCCCCCCCCCCCCCCCD,610,-5,205,2.975609756097561,-0.024390243902439025,0,"[0, 1, 0]",True,204,203,1,0,1,203,0,0,1,0,0,0,0,1
5,5,0,0,"First by Stein and Rapoport: 0.05: (D, D)",Tit For Tat,CCCCCCCCCCCCCCCCCCCCCCCCCCCCCCCCCCCCCCCCCCCCCCCCCCCCCCCCCCCCCCCCCCCCCCCCCCCCCCCCCCCCCCCCCCCCCCCCCCCCCCCCCCCCCCCCCCCCCCCCCCCCCCCCCCCCCCCCCCCCCCCCCCCCCCCCCCCCCCCCCCCCCCCCCCCCCCCCCCCCCCCCCCCCCCCCCCCCCCCCCCCDD,615,5,205,3.0,0.024390243902439025,1,"[0, 1, 0]",True,203,203,0,1,1,202,1,0,0,0,1,0,0,0
6,0,6,0,Tit For Tat,Grudger,CCCCCCCCCCCCCCCCCCCCCCCCCCCCCCCCCCCCCCCCCCCCCCCCCCCCCCCCCCCCCCCCCCCCCCCCCCCCCCCCCCCCCCCCCCCCCCCCCCCCCCCCCCCCCCCCCCCCCCCCCCCCCCCCCCCCCCCCCCCCCCCCCCCCCCCCCCCCCCCCCCCCCCCCCCCCCCCCCCCCCCCCCCCCCCCCCCCCCCCCCCCCCCC,621,0,207,3.0,0.0,0,"[0, 0, 1]",True,207,207,0,0,0,206,0,0,0,0,0,0,0,1
6,6,0,0,Grudger,Tit For Tat,CCCCCCCCCCCCCCCCCCCCCCCCCCCCCCCCCCCCCCCCCCCCCCCCCCCCCCCCCCCCCCCCCCCCCCCCCCCCCCCCCCCCCCCCCCCCCCCCCCCCCCCCCCCCCCCCCCCCCCCCCCCCCCCCCCCCCCCCCCCCCCCCCCCCCCCCCCCCCCCCCCCCCCCCCCCCCCCCCCCCCCCCCCCCCCCCCCCCCCCCCCCCCCC,621,0,207,3.0,0.0,0,"[0, 0, 1]",True,207,207,0,0,0,206,0,0,0,0,0,0,0,1
7,0,7,0,Tit For Tat,First by Davis: 10,CCCCCCCCCCCCCCCCCCCCCCCCCCCCCCCCCCCCCCCCCCCCCCCCCCCCCCCCCCCCCCCCCCCCCCCCCCCCCCCCCCCCCCCCCCCCCCCCCCCCCCCCCCCCCCCCCCCCCCCCCCCCCCCCCCCCCCCCCCCCCCCCCCCCCCCCCCCCCCCCCCCCCCCCCCCCCCCCCCCCCC,546,0,182,3.0,0.0,0,"[0, 0, 1]",True,182,182,0,0,0,181,0,0,0,0,0,0,0,1
7,7,0,0,First by Davis: 10,Tit For Tat,CCCCCCCCCCCCCCCCCCCCCCCCCCCCCCCCCCCCCCCCCCCCCCCCCCCCCCCCCCCCCCCCCCCCCCCCCCCCCCCCCCCCCCCCCCCCCCCCCCCCCCCCCCCCCCCCCCCCCCCCCCCCCCCCCCCCCCCCCCCCCCCCCCCCCCCCCCCCCCCCCCCCCCCCCCCCCCCCCCCCCC,546,0,182,3.0,0.0,0,"[0, 0, 1]",True,182,182,0,0,0,181,0,0,0,0,0,0,0,1
8,0,8,0,Tit For Tat,First by Graaskamp: 0.05,CCCCCCCCCCCCCCCCCCCCCCCCCCCCCCCCCCCCCCCCCCCCCCCCCCCDCDCDCDCDCDCDCDCDCDCDCDCDCDCDCDCDCDCDCDCDCDCDCDCDCDCDCDCDCDCDCDCDCDCDCDCDCDCDCDCDCDCDCDCDCDCDCDCDCDCDCDCDCDCDCDCDCDCDCDCDCDCDCDCDCDCDCDCDCDCD,505,0,192,2.6302083333333335,0.0,0,"[0, 0, 1]",True,121,50,71,71,0,50,0,0,71,70,0,0,0,1
8,8,0,0,First by Graaskamp: 0.05,Tit For Tat,CCCCCCCCCCCCCCCCCCCCCCCCCCCCCCCCCCCCCCCCCCCCCCCCCCDCDCDCDCDCDCDCDCDCDCDCDCDCDCDCDCDCDCDCDCDCDCDCDCDCDCDCDCDCDCDCDCDCDCDCDCDCDCDCDCDCDCDCDCDCDCDCDCDCDCDCDCDCDCDCDCDCDCDCDCDCDCDCDCDCDCDCDCDCDCDC,505,0,192,2.6302083333333335,0.0,0,"[0, 0, 1]",True,121,50,71,71,0,49,1,0,70,71,0,0,0,1
9,0,9,0,Tit For Tat,First by Downing,CDDCCCCCCCCCCCCCCCCCCCCCCCCCCCCCCCCCCCCCCCCCCCCCCCCCCCCCCCCCCCCCCCCCCCCCCCCCCCCCCCCCCCCCCCCCCCCCCCCCCCCCCCCCCCCCCCCCCCCCCCCCCCCCCCCCCCCCCCCCCCCCCCCCCCCCCCCCCCCCCCCCCCCCCCCCCCCCCCCCCCCCCCCCCCCCCCCCCCCCCCCCCC,615,0,206,2.9854368932038833,0.0,0,"[0, 0, 1]",True,204,203,1,1,1,202,0,0,1,1,0,0,1,1
9,9,0,0,First by Downing,Tit For Tat,DDCCCCCCCCCCCCCCCCCCCCCCCCCCCCCCCCCCCCCCCCCCCCCCCCCCCCCCCCCCCCCCCCCCCCCCCCCCCCCCCCCCCCCCCCCCCCCCCCCCCCCCCCCCCCCCCCCCCCCCCCCCCCCCCCCCCCCCCCCCCCCCCCCCCCCCCCCCCCCCCCCCCCCCCCCCCCCCCCCCCCCCCCCCCCCCCCCCCCCCCCCCCC,615,0,206,2.9854368932038833,0.0,0,"[0, 0, 1]",False,204,203,1,1,1,202,0,1,0,0,1,1,0,1
10,0,10,0,Tit For Tat,"First by Feld: 1.0, 0.5, 200",CCCCCCCCCCCCCCCCCCCCCCCCCCCCCCCCCCCCCCCDCDCDCDCDCDCDCDDDDDDDDDDDDDDDDDDDDDDDDDDDDDDDDDDDDDDDDDDDDDDDDDDDDDDDDDDDDDDDDDDDDDDDDDDDDDDDDDDDDDDDDDDDDDDDDDDDDDDDDDDDDDDDDDDDDDDDDDDDDDDDDDDDDDDDDDDDDDDDDDDDDDDDDDDDDDDDDDDDDDDD,316,-5,220,1.4363636363636363,-0.022727272727272728,0,"[0, 1, 0]",True,46,38,8,7,167,38,0,0,8,7,0,0,166,1
10,10,0,0,"First by Feld: 1.0, 0.5, 200",Tit For Tat,CCCCCCCCCCCCCCCCCCCCCCCCCCCCCCCCCCCCCCDCDCDCDCDCDCDCDDDDDDDDDDDDDDDDDDDDDDDDDDDDDDDDDDDDDDDDDDDDDDDDDDDDDDDDDDDDDDDDDDDDDDDDDDDDDDDDDDDDDDDDDDDDDDDDDDDDDDDDDDDDDDDDDDDDDDDDDDDDDDDDDDDDDDDDDDDDDDDDDDDDDDDDDDDDDDDDDDDDDDDD,321,5,220,1.459090909090909,0.022727272727272728,1,"[0, 1, 0]",True,45,38,7,8,167,37,1,0,7,7,1,0,166,0
11,0,11,0,Tit For Tat,First by Joss: 0.9,CCCDCDCDCDCDCDCDCDCDCDCDCDDDDDDDDDDDDDDDDDDDDDDDDDDDDDDDDDDDDDDDDDDDDDDDDDDDDDDDDDDDDDDDDDDDDDDDDDDDDDDDDDDDDDDDDDDDDDDDDDDDDDDDDDDDDDDDDDDDDDDDDDDDDDDDDDDDDDDDDDDDDDDDDDDDDDDDDDDDDDDDDDDDDDDDDDDDDDD,235,-5,199,1.1809045226130652,-0.02512562814070352,0,"[0, 1, 0]",True,14,2,12,11,174,2,0,0,12,11,0,0,173,1
11,11,0,0,First by Joss: 0.9,Tit For Tat,CCDCDCDCDCDCDCDCDCDCDCDCDDDDDDDDDDDDDDDDDDDDDDDDDDDDDDDDDDDDDDDDDDDDDDDDDDDDDDDDDDDDDDDDDDDDDDDDDDDDDDDDDDDDDDDDDDDDDDDDDDDDDDDDDDDDDDDDDDDDDDDDDDDDDDDDDDDDDDDDDDDDDDDDDDDDDDDDDDDDDDDDDDDDDDDDDDDDDDD,240,5,199,1.2060301507537687,0.02512562814070352,1,"[0, 1, 0]",True,13,2,11,12,174,1,1,0,11,11,1,0,173,0
12,0,12,0,Tit For Tat,First by Tullock,CCCCCCCCCCCCCCCCCCCCCDCCCCDDCCCDDDCDDCDCDDDDCDDDDDDDDDDDDDDDDDDDDDDDDDDDDDDDDDDDDDDDDDDDDDDDDDDDDDDDDDDDDDDDDDDDDDDDDDDDDDDDDDDDDDDDDDDDDDDDDDDDDDDDDDDDDDDDDDDDDDDDDDDDDDDDDDDDDDDDDDDDDDDDDDDDDDDDDDDDDDDDD,272,-5,205,1.326829268292683,-0.024390243902439025,0,"[0, 1, 0]",True,32,25,7,6,167,25,0,0,7,6,0,0,166,1
12,12,0,0,First by Tullock,Tit For Tat,CCCCCCCCCCCCCCCCCCCCDCCCCDDCCCDDDCDDCDCDDDDCDDDDDDDDDDDDDDDDDDDDDDDDDDDDDDDDDDDDDDDDDDDDDDDDDDDDDDDDDDDDDDDDDDDDDDDDDDDDDDDDDDDDDDDDDDDDDDDDDDDDDDDDDDDDDDDDDDDDDDDDDDDDDDDDDDDDDDDDDDDDDDDDDDDDDDDDDDDDDDDDD,277,5,205,1.351219512195122,0.024390243902439025,1,"[0, 1, 0]",True,31,25,6,7,167,22,3,2,4,2,5,4,162,0
13,0,13,0,Tit For Tat,First by Anonymous,CCDDCDCDCCDDCCCDCDDDCDDDDCDDCDDCCDCCCCCCCCCCCCCDCCCCDDDDDDDDDCCDDCDDDDDCCDCDCCDCDDDDDCDCCDCCDCDCCDCCDCCDCCCCDDDCCCDDCDCDCCDDCDDCCDDDCCCCCDDCDDDCCDDCCCCCDCCCCCDDDCDCDDCCDDDCCDCDCDCDCDDCCDDDCCDCCDCDCCDDCCCDCCCCCDCCDCD,499,0,215,2.3209302325581396,0.0,0,"[0, 0, 1]",True,115,61,54,54,46,61,0,0,54,53,0,0,46,1
13,13,0,0,First by Anonymous,Tit For Tat,CDDCDCDCCDDCCCDCDDDCDDDDCDDCDDCCDCCCCCCCCCCCCCDCCCCDDDDDDDDDCCDDCDDDDDCCDCDCCDCDDDDDCDCCDCCDCDCCDCCDCCDCCCCDDDCCCDDCDCDCCDDCDDCCDDDCCCCCDDCDDDCCDDCCCCCDCCCCCDDDCDCDDCCDDDCCDCDCDCDCDDCCDDDCCDCCDCDCCDDCCCDCCCCCDCCDCDC,499,0,215,2.3209302325581396,0.0,0,"[0, 0, 1]",True,115,61,54,54,46,30,31,30,23,30,24,24,22,1
14,0,14,0,Tit For Tat,Random: 0.5,CCCCCCCDCCDCDCDDDDDCDCCDDDDCCCCDDDCDDCDCDCDDDCCCCCCCCCDDCDCCDDCCCCDDCDCCCCCCCDDDDDCDCCDCCCCCCCDDCCCDDDDCCDCDCCCDCDDDCDCDCCDCDCCDDCDCCDDDCDDCCCCCDDCCCCCCDDCCDDDCDCCCDCDCCDDCCCDDDCCDCCCDCCDCCCDCCD,464,0,194,2.3917525773195876,0.0,0,"[0, 0, 1]",True,112,66,46,46,36,66,0,0,46,45,0,0,36,1
14,14,0,0,Random: 0.5,Tit For Tat,CCCCCCDCCDCDCDDDDDCDCCDDDDCCCCDDDCDDCDCDCDDDCCCCCCCCCDDCDCCDDCCCCDDCDCCCCCCCDDDDDCDCCDCCCCCCCDDCCCDDDDCCDCDCCCDCDDDCDCDCCDCDCCDDCDCCDDDCDDCCCCCDDCCCCCCDDCCDDDCDCCCDCDCCDDCCCDDDCCDCCCDCCDCCCDCCDC,464,0,194,2.3917525773195876,0.0,0,"[0, 0, 1]",True,112,66,46,46,36,39,27,26,19,26,20,20,16,1
15,1,1,0,"First by Tideman and Chieruzzi: (D, D)","First by Tideman and Chieruzzi: (D, D)",CCCCCCCCCCCCCCCCCCCCCCCCCCCCCCCCCCCCCCCCCCCCCCCCCCCCCCCCCCCCCCCCCCCCCCCCCCCCCCCCCCCCCCCCCCCCCCCCCCCCCCCCCCCCCCCCCCCCCCCCCCCCCCCCCCCCCCCCCCCCCCCCCCCCCCCCCCCCCCCCCCCCCCCCCCCCCCCCCCCCCCCCCCCCCCCCCCCCCCCCCCCCCCDD,620,0,208,2.980769230769231,0.0,0,"[0, 0, 1]",True,206,206,0,0,2,205,1,0,0,0,0,0,1,1
15,1,1,0,"First by Tideman and Chieruzzi: (D, D)","First by Tideman and Chieruzzi: (D, D)",CCCCCCCCCCCCCCCCCCCCCCCCCCCCCCCCCCCCCCCCCCCCCCCCCCCCCCCCCCCCCCCCCCCCCCCCCCCCCCCCCCCCCCCCCCCCCCCCCCCCCCCCCCCCCCCCCCCCCCCCCCCCCCCCCCCCCCCCCCCCCCCCCCCCCCCCCCCCCCCCCCCCCCCCCCCCCCCCCCCCCCCCCCCCCCCCCCCCCCCCCCCCCCDD,620,0,208,2.980769230769231,0.0,0,"[0, 0, 1]",True,206,206,0,0,2,205,1,0,0,0,0,0,1,1
16,1,2,0,"First by Tideman and Chieruzzi: (D, D)",First by Nydegger,CCCCCCCCCCCCCCCCCCCCCCCCCCCCCCCCCCCCCCCCCCCCCCCCCCCCCCCCCCCCCCCCCCCCCCCCCCCCCCCCCCCCCCCCCCCCCCCCCCCCCCCCCCCCCCCCCCCCCCCCCCCCCCCCCCCCCCCCCCCCCCCCCCCCCCCCCCCCCCCCCCCCCCCCCCCCCCCCCCCCCCCCCCCCCCCCCCCCCCCCDD,610,10,202,3.01980198019802,0.04950495049504951,1,"[1, 0, 0]",True,200,200,0,2,0,199,1,0,0,0,1,0,0,0
16,2,1,0,First by Nydegger,"First by Tideman and Chieruzzi: (D, D)",CCCCCCCCCCCCCCCCCCCCCCCCCCCCCCCCCCCCCCCCCCCCCCCCCCCCCCCCCCCCCCCCCCCCCCCCCCCCCCCCCCCCCCCCCCCCCCCCCCCCCCCCCCCCCCCCCCCCCCCCCCCCCCCCCCCCCCCCCCCCCCCCCCCCCCCCCCCCCCCCCCCCCCCCCCCCCCCCCCCCCCCCCCCCCCCCCCCCCCCCCC,600,-10,202,2.9702970297029703,-0.04950495049504951,0,"[1, 0, 0]",True,202,200,2,0,0,200,0,1,0,0,0,0,0,1
17,1,3,0,"First by Tideman and Chieruzzi: (D, D)",First by Grofman,CCCCCCCCCCCCCCCCCCCCCCCCCCCCCCCCCCCCCCCCCCCCCCCCCCCCCCCCCCCCCCCCCCCCCCCCCCCCCCCCCCCCCCCCCCCCCCCCCCCCCCCCCCCCCCCCCCCCCCCCCCCCCCCCCCCCCCCCCCCCCCCCCCCCCCCCCCCCCCCCCCCCCCCCCCCCCCCCCCCCDD,546,5,182,3.0,0.027472527472527472,1,"[1, 0, 0]",True,180,180,0,1,1,179,1,0,0,0,1,0,0,0
17,3,1,0,First by Grofman,"First by Tideman and Chieruzzi: (D, D)",CCCCCCCCCCCCCCCCCCCCCCCCCCCCCCCCCCCCCCCCCCCCCCCCCCCCCCCCCCCCCCCCCCCCCCCCCCCCCCCCCCCCCCCCCCCCCCCCCCCCCCCCCCCCCCCCCCCCCCCCCCCCCCCCCCCCCCCCCCCCCCCCCCCCCCCCCCCCCCCCCCCCCCCCCCCCCCCCCCCCCD,541,-5,182,2.9725274725274726,-0.027472527472527472,0,"[1, 0, 0]",True,181,180,1,0,1,180,0,0,1,0,0,0,0,1
18,1,4,0,"First by Tideman and Chieruzzi: (D, D)",First by Shubik,CCCCCCCCCCCCCCCCCCCCCCCCCCCCCCCCCCCCCCCCCCCCCCCCCCCCCCCCCCCCCCCCCCCCCCCCCCCCCCCCCCCCCCCCCCCCCCCCCCCCCCCCCCCCCCCCCCCCCCCCCCCCCCCCCCCCCCCCCCCCCCCCCCCCCCCCCCCCCCCCCCCCCCCCCCCCCCCCCCCCCCCCCCCCCCCCCCCCCCCCCCDD,612,5,204,3.0,0.024509803921568627,1,"[1, 0, 0]",True,202,202,0,1,1,201,1,0,0,0,1,0,0,0
18,4,1,0,First by Shubik,"First by Tideman and Chieruzzi: (D, D)",CCCCCCCCCCCCCCCCCCCCCCCCCCCCCCCCCCCCCCCCCCCCCCCCCCCCCCCCCCCCCCCCCCCCCCCCCCCCCCCCCCCCCCCCCCCCCCCCCCCCCCCCCCCCCCCCCCCCCCCCCCCCCCCCCCCCCCCCCCCCCCCCCCCCCCCCCCCCCCCCCCCCCCCCCCCCCCCCCCCCCCCCCCCCCCCCCCCCCCCCCCCD,607,-5,204,2.9754901960784315,-0.024509803921568627,0,"[1, 0, 0]",True,203,202,1,0,1,202,0,0,1,0,0,0,0,1
19,1,5,0,"First by Tideman and Chieruzzi: (D, D)","First by Stein and Rapoport: 0.05: (D, D)",CCCCCCCCCCCCCCCCCCCCCCCCCCCCCCCCCCCCCCCCCCCCCCCCCCCCCCCCCCCCCCCCCCCCCCCCCCCCCCCCCCCCCCCCCCCCCCCCCCCCCCCCCCCCCCCCCCCCCCCCCCCCCCCCCCCCCCCCCCCCCCCCCCCCCCCCCCCCCCCCCCCCCCCCCCCCCCCCCCCCCCCCDD,554,0,186,2.978494623655914,0.0,0,"[0, 0, 1]",True,184,184,0,0,2,183,1,0,0,0,0,0,1,1
19,5,1,0,"First by Stein and Rapoport: 0.05: (D, D)","First by Tideman and Chieruzzi: (D, D)",CCCCCCCCCCCCCCCCCCCCCCCCCCCCCCCCCCCCCCCCCCCCCCCCCCCCCCCCCCCCCCCCCCCCCCCCCCCCCCCCCCCCCCCCCCCCCCCCCCCCCCCCCCCCCCCCCCCCCCCCCCCCCCCCCCCCCCCCCCCCCCCCCCCCCCCCCCCCCCCCCCCCCCCCCCCCCCCCCCCCCCCCDD,554,0,186,2.978494623655914,0.0,0,"[0, 0, 1]",True,184,184,0,0,2,183,1,0,0,0,0,0,1,1
20,1,6,0,"First by Tideman and Chieruzzi: (D, D)",Grudger,CCCCCCCCCCCCCCCCCCCCCCCCCCCCCCCCCCCCCCCCCCCCCCCCCCCCCCCCCCCCCCCCCCCCCCCCCCCCCCCCCCCCCCCCCCCCCCCCCCCCCCCCCCCCCCCCCCCCCCCCCCCCCCCCCCCCCCCCCCCCCCCCCCCCCCCCCCCCCCCCCCCCCCCCCCCCCCCCCCCCCCCCCCCCCCCCCCCCCCCCCCCCCCCCCCCCCCCCCDD,657,5,219,3.0,0.0228310502283105,1,"[1, 0, 0]",True,217,217,0,1,1,216,1,0,0,0,1,0,0,0
20,6,1,0,Grudger,"First by Tideman and Chieruzzi: (D, D)",CCCCCCCCCCCCCCCCCCCCCCCCCCCCCCCCCCCCCCCCCCCCCCCCCCCCCCCCCCCCCCCCCCCCCCCCCCCCCCCCCCCCCCCCCCCCCCCCCCCCCCCCCCCCCCCCCCCCCCCCCCCCCCCCCCCCCCCCCCCCCCCCCCCCCCCCCCCCCCCCCCCCCCCCCCCCCCCCCCCCCCCCCCCCCCCCCCCCCCCCCCCCCCCCCCCCCCCCCCD,652,-5,219,2.9771689497716896,-0.0228310502283105,0,"[1, 0, 0]",True,218,217,1,0,1,217,0,0,1,0,0,0,0,1
21,1,7,0,"First by Tideman and Chieruzzi: (D, D)",First by Davis: 10,CCCCCCCCCCCCCCCCCCCCCCCCCCCCCCCCCCCCCCCCCCCCCCCCCCCCCCCCCCCCCCCCCCCCCCCCCCCCCCCCCCCCCCCCCCCCCCCCCCCCCCCCCCCCCCCCCCCCCCCCCCCCCCCCCCCCCCCCCCCCCCCCCCCCCCCCCCCCCCCCCCCCCCCCCCCCCCCCCCCCCCCCCCCCCCCCCCCCCCCDD,603,5,201,3.0,0.024875621890547265,1,"[1, 0, 0]",True,199,199,0,1,1,198,1,0,0,0,1,0,0,0
21,7,1,0,First by Davis: 10,"First by Tideman and Chieruzzi: (D, D)",CCCCCCCCCCCCCCCCCCCCCCCCCCCCCCCCCCCCCCCCCCCCCCCCCCCCCCCCCCCCCCCCCCCCCCCCCCCCCCCCCCCCCCCCCCCCCCCCCCCCCCCCCCCCCCCCCCCCCCCCCCCCCCCCCCCCCCCCCCCCCCCCCCCCCCCCCCCCCCCCCCCCCCCCCCCCCCCCCCCCCCCCCCCCCCCCCCCCCCCCD,598,-5,201,2.9751243781094527,-0.024875621890547265,0,"[1, 0, 0]",True,200,199,1,0,1,199,0,0,1,0,0,0,0,1
22,1,8,0,"First by Tideman and Chieruzzi: (D, D)",First by Graaskamp: 0.05,CCCCCCCCCCCCCCCCCCCCCCCCCCCCCCCCCCCCCCCCCCCCCCCCCCCDCDDDDDCCCCCCCDCCCCCCDDCCCCCCCCCCDCCCCCCCCCCCCDCCCCCCCCCCCCCDCCCCCCCCCDCCCCCCCCCDDCCCCCCCCDCCCCCCCCCCCCDDCCCCCCDCCCCCCCDDCCCCCCCCCCCCCDCCCCDDCCCCCDCCCCCCCCCDCCCCCCCDD,641,35,217,2.953917050691244,0.16129032258064516,1,"[1, 0, 0]",True,189,171,18,25,3,170,1,1,17,17,8,0,2,0
22,8,1,0,First by Graaskamp: 0.05,"First by Tideman and Chieruzzi: (D, D)",CCCCCCCCCCCCCCCCCCCCCCCCCCCCCCCCCCCCCCCCCCCCCCCCCCDCDCDDCCCCCCCCDCCCCCCDCCCCCCCCCCCDCCCCCCCCCCCCDCCCCCCCCCCCCCDCCCCCCCCCDCCCCCCCCCDCCCCCCCCCDCCCCCCCCCCCCDCCCCCCCDCCCCCCCDCCCCCCCCDCCCCCDCCCCDCCCCCCDCCCCCCCCCDCCCCCCCCCD,606,-35,217,2.792626728110599,-0.16129032258064516,0,"[1, 0, 0]",True,196,171,25,18,3,154,17,22,3,18,0,1,1,1
23,1,9,0,"First by Tideman and Chieruzzi: (D, D)",First by Downing,CDDDCDDDCDDDDDDDDDDDDDDDDDDDDDDDDDDDDDDDDDDDDDDDDDDDDDDDDDDDDDDDDDDDDDDDDDDDDDDDDDDDDDDDDDDDDDDDDDDDDDDDDDDDDDDDDDDDDDDDDDDDDDDDDDDDDDDDDDDDDDDDDDDDDDDDDDDDDDDDDDDDDDDDDDDDDDDDDDDD,213,30,180,1.1833333333333333,0.16666666666666666,1,"[1, 0, 0]",True,3,0,3,9,168,0,0,0,3,2,7,0,167,0
23,9,1,0,First by Downing,"First by Tideman and Chieruzzi: (D, D)",DDCCDCCCDCCCDCDDDDDDDDDDDDDDDDDDDDDDDDDDDDDDDDDDDDDDDDDDDDDDDDDDDDDDDDDDDDDDDDDDDDDDDDDDDDDDDDDDDDDDDDDDDDDDDDDDDDDDDDDDDDDDDDDDDDDDDDDDDDDDDDDDDDDDDDDDDDDDDDDDDDDDDDDDDDDDDDDDDDDD,183,-30,180,1.0166666666666666,-0.16666666666666666,0,"[1, 0, 0]",False,9,0,9,3,168,0,0,5,4,2,1,2,165,1
24,1,10,0,"First by Tideman and Chieruzzi: (D, D)","First by Feld: 1.0, 0.5, 200",CCCCCCCCCCCCCCCCCCCCCCCCCCCCCCCCCCCCCCCCCCCCDCDDDDDDDDDDDDDDDDDDDDDDDDDDDDDDDDDDDDDDDDDDDDDDDDDDDDDDDDDDDDDDDDDDDDDDDDDDDDDDDDDDDDDDDDDDDDDDDDDDDDDDDDDDDDDDDDDDDDDDDDDDDDDDDDDDDDDDDDDDDDDDDDDDDDDDDDDDDDDDDDDDDDD,303,0,211,1.4360189573459716,0.0,0,"[0, 0, 1]",True,45,43,2,2,164,43,0,0,2,1,1,0,163,1
24,10,1,0,"First by Feld: 1.0, 0.5, 200","First by Tideman and Chieruzzi: (D, D)",CCCCCCCCCCCCCCCCCCCCCCCCCCCCCCCCCCCCCCCCCCCDCDCDDDDDDDDDDDDDDDDDDDDDDDDDDDDDDDDDDDDDDDDDDDDDDDDDDDDDDDDDDDDDDDDDDDDDDDDDDDDDDDDDDDDDDDDDDDDDDDDDDDDDDDDDDDDDDDDDDDDDDDDDDDDDDDDDDDDDDDDDDDDDDDDDDDDDDDDDDDDDDDDDDDD,303,0,211,1.4360189573459716,0.0,0,"[0, 0, 1]",True,45,43,2,2,164,42,1,0,2,2,0,0,163,1
25,1,11,0,"First by Tideman and Chieruzzi: (D, D)",First by Joss: 0.9,CCCCCCCCDCDDDDDDDDDDDDDDDDDDDDDDDDDDDDDDDDDDDDDDDDDDDDDDDDDDDDDDDDDDDDDDDDDDDDDDDDDDDDDDDDDDDDDDDDDDDDDDDDDDDDDDDDDDDDDDDDDDDDDDDDDDDDDDDDDDDDDDDDDDDDDDDDDDDDDDDDDDDDDDDDDDDDDDDDDDDDDDDDDDDDDDDDDDDDDDDDDDDDDDDDDDDD,234,0,214,1.0934579439252337,0.0,0,"[0, 0, 1]",True,9,7,2,2,203,7,0,0,2,1,1,0,202,1
25,11,1,0,First by Joss: 0.9,"First by Tideman and Chieruzzi: (D, D)",CCCCCCCDCDCDDDDDDDDDDDDDDDDDDDDDDDDDDDDDDDDDDDDDDDDDDDDDDDDDDDDDDDDDDDDDDDDDDDDDDDDDDDDDDDDDDDDDDDDDDDDDDDDDDDDDDDDDDDDDDDDDDDDDDDDDDDDDDDDDDDDDDDDDDDDDDDDDDDDDDDDDDDDDDDDDDDDDDDDDDDDDDDDDDDDDDDDDDDDDDDDDDDDDDDDDDD,234,0,214,1.0934579439252337,0.0,0,"[0, 0, 1]",True,9,7,2,2,203,6,1,0,2,2,0,0,202,1
26,1,12,0,"First by Tideman and Chieruzzi: (D, D)",First by Tullock,CCCCCCCCCCCCCDCCCDDCCCDDDDDDDDDDDDDDDDDDDDDDDDDDDDDDDDDDDDDDDDDDDDDDDDDDDDDDDDDDDDDDDDDDDDDDDDDDDDDDDDDDDDDDDDDDDDDDDDDDDDDDDDDDDDDDDDDDDDDDDDDDDDDDDDDDDDDDDDDDDDDDDDDDDDDDDDDDDDDDDDDDDDDDDDDDDD,243,10,194,1.2525773195876289,0.05154639175257732,1,"[1, 0, 0]",True,19,16,3,5,170,16,0,0,3,2,3,0,169,0
26,12,1,0,First by Tullock,"First by Tideman and Chieruzzi: (D, D)",CCCCCCCCCCCCDCCCDCCCCDDCDDCDDDDDDDDDDDDDDDDDDDDDDDDDDDDDDDDDDDDDDDDDDDDDDDDDDDDDDDDDDDDDDDDDDDDDDDDDDDDDDDDDDDDDDDDDDDDDDDDDDDDDDDDDDDDDDDDDDDDDDDDDDDDDDDDDDDDDDDDDDDDDDDDDDDDDDDDDDDDDDDDDDDDDDD,233,-10,194,1.2010309278350515,-0.05154639175257732,0,"[1, 0, 0]",True,21,16,5,3,170,13,3,3,2,2,1,2,167,1
27,1,13,0,"First by Tideman and Chieruzzi: (D, D)",First by Anonymous,CDDDCDDDCDDDDDDDDDCCDDDDDDCDDDDDDDCDDDDDDDDDDDDDDDDDCCDDDDDDDDDDDDDDDDDDDDDCDDDDDDDDDDDDCCCDDDDDDDDDDDDDCDDDDDDDDDDDDDDDDDDDDDDDDDDDDDCCCCCCCDDDDDDDDDDDDDDDDCCDDDDDDDDDDDDDDDDDCDDDDDDDDDDDDDDDDDDCCCDDDDDDDDDDDDDDDDDDDD,594,385,218,2.7247706422018347,1.7660550458715596,1,"[1, 0, 0]",True,27,13,14,91,100,13,0,0,14,13,77,0,100,0
27,13,1,0,First by Anonymous,"First by Tideman and Chieruzzi: (D, D)",DDCCDCDCDCCCDDDDCCCDCDDCCCDDDCCCCCDCDDCDDDDCDCCDCDCCCDDDCDDCDDDDCCDCDCDDCDCDDCDCCDDDCDCCCCDDCCCDCCDCDDCCDCCCDDCCDDCCCCDDCDCDDCDDDCCDDCCCCCCCDDDDDDCDDDDCCCCCCCDDDDDCDCDDDCDDDDCCDDDDCDCCCDDCCDDDDDCCCDDDDDDCDCDDCCCCDDCDCC,209,-385,218,0.9587155963302753,-1.7660550458715596,0,"[1, 0, 0]",False,104,13,91,14,100,7,6,45,45,5,9,47,53,1
28,1,14,0,"First by Tideman and Chieruzzi: (D, D)",Random: 0.5,CCDCCCDDDDDCDDDDDDDDDDDDDDDDDDDDDDDDDDDDDDDDDDDDDDDCCCCCDDDDDDDDDDDDDDDDDDDDDDDDDDDDDDDDDDDDDDDDDDDDDDDDDDDDDDDDDDDDDDDDDDDDDDDDDDDDDDDDDDDDDDDDDDDDDDDDDDDDDDDDDDDDCCCCCCCCCDDDDDDDDDDDDDDDDDDDDDDDDDD,560,395,199,2.814070351758794,1.984924623115578,1,"[1, 0, 0]",True,20,15,5,84,95,15,0,0,5,4,80,0,94,0
28,14,1,0,Random: 0.5,"First by Tideman and Chieruzzi: (D, D)",CDCCCDCDCDCDCCCDCCDDDDCDDDDCCDDDDDCCCDCCDDDDDCDCCCCCCCCDDDCDDDDDDDDCCCCCCCCCDDCCDCDDDCDCDCCDCDCCCDDDCDDCDCDCCCCDDDCDCDCDCDCDDDCDDCDDDCCCCCCCCDDDDCDCDDCDDDDCDCDCDDCCCCCCCCCCDDCCCCCCCCCDCDDDDDDDDCDDDDD,165,-395,199,0.8291457286432161,-1.984924623115578,0,"[1, 0, 0]",True,99,15,84,5,95,11,4,44,40,3,2,40,54,1
29,2,2,0,First by Nydegger,First by Nydegger,CCCCCCCCCCCCCCCCCCCCCCCCCCCCCCCCCCCCCCCCCCCCCCCCCCCCCCCCCCCCCCCCCCCCCCCCCCCCCCCCCCCCCCCCCCCCCCCCCCCCCCCCCCCCCCCCCCCCCCCCCCCCCCCCCCCCCCCCCCCCCCCCCCCCCCCCCCCCCCCCCCCCCCCCCCCCCCCCCCCCCCCCCCCCCCCCCCCCCCCCCCCCCCCCCCCCCCCCCCC,657,0,219,3.0,0.0,0,"[0, 0, 1]",True,219,219,0,0,0,218,0,0,0,0,0,0,0,1
29,2,2,0,First by Nydegger,First by Nydegger,CCCCCCCCCCCCCCCCCCCCCCCCCCCCCCCCCCCCCCCCCCCCCCCCCCCCCCCCCCCCCCCCCCCCCCCCCCCCCCCCCCCCCCCCCCCCCCCCCCCCCCCCCCCCCCCCCCCCCCCCCCCCCCCCCCCCCCCCCCCCCCCCCCCCCCCCCCCCCCCCCCCCCCCCCCCCCCCCCCCCCCCCCCCCCCCCCCCCCCCCCCCCCCCCCCCCCCCCCCC,657,0,219,3.0,0.0,0,"[0, 0, 1]",True,219,219,0,0,0,218,0,0,0,0,0,0,0,1
30,2,3,0,First by Nydegger,First by Grofman,CCCCCCCCCCCCCCCCCCCCCCCCCCCCCCCCCCCCCCCCCCCCCCCCCCCCCCCCCCCCCCCCCCCCCCCCCCCCCCCCCCCCCCCCCCCCCCCCCCCCCCCCCCCCCCCCCCCCCCCCCCCCCCCCCCCCCCCCCCCCCCCCCCCCCCCCCCCCCCCCCCCCCCCCCCCCCCCCCCCCCCCCCCCCCC,570,0,190,3.0,0.0,0,"[0, 0, 1]",True,190,190,0,0,0,189,0,0,0,0,0,0,0,1
30,3,2,0,First by Grofman,First by Nydegger,CCCCCCCCCCCCCCCCCCCCCCCCCCCCCCCCCCCCCCCCCCCCCCCCCCCCCCCCCCCCCCCCCCCCCCCCCCCCCCCCCCCCCCCCCCCCCCCCCCCCCCCCCCCCCCCCCCCCCCCCCCCCCCCCCCCCCCCCCCCCCCCCCCCCCCCCCCCCCCCCCCCCCCCCCCCCCCCCCCCCCCCCCCCCCC,570,0,190,3.0,0.0,0,"[0, 0, 1]",True,190,190,0,0,0,189,0,0,0,0,0,0,0,1
31,2,4,0,First by Nydegger,First by Shubik,CCCCCCCCCCCCCCCCCCCCCCCCCCCCCCCCCCCCCCCCCCCCCCCCCCCCCCCCCCCCCCCCCCCCCCCCCCCCCCCCCCCCCCCCCCCCCCCCCCCCCCCCCCCCCCCCCCCCCCCCCCCCCCCCCCCCCCCCCCCCCCCCCCCCCCCCCCCCCCCCCCCCCCCCCCCCCCCCCCCCCCCCC,555,0,185,3.0,0.0,0,"[0, 0, 1]",True,185,185,0,0,0,184,0,0,0,0,0,0,0,1
31,4,2,0,First by Shubik,First by Nydegger,CCCCCCCCCCCCCCCCCCCCCCCCCCCCCCCCCCCCCCCCCCCCCCCCCCCCCCCCCCCCCCCCCCCCCCCCCCCCCCCCCCCCCCCCCCCCCCCCCCCCCCCCCCCCCCCCCCCCCCCCCCCCCCCCCCCCCCCCCCCCCCCCCCCCCCCCCCCCCCCCCCCCCCCCCCCCCCCCCCCCCCCCC,555,0,185,3.0,0.0,0,"[0, 0, 1]",True,185,185,0,0,0,184,0,0,0,0,0,0,0,1
32,2,5,0,First by Nydegger,"First by Stein and Rapoport: 0.05: (D, D)",CCCCCCCCCCCCCCCCCCCCCCCCCCCCCCCCCCCCCCCCCCCCCCCCCCCCCCCCCCCCCCCCCCCCCCCCCCCCCCCCCCCCCCCCCCCCCCCCCCCCCCCCCCCCCCCCCCCCCCCCCCCCCCCCCCCCCCCCCCCCCCCCCCCCCCCCCCCCCCCCCCCCCCCCCCCCCCCCCCCCCCCCCCCCCCCCCCCCC,585,-10,197,2.969543147208122,-0.050761421319796954,0,"[0, 1, 0]",True,197,195,2,0,0,195,0,1,0,0,0,0,0,1
32,5,2,0,"First by Stein and Rapoport: 0.05: (D, D)",First by Nydegger,CCCCCCCCCCCCCCCCCCCCCCCCCCCCCCCCCCCCCCCCCCCCCCCCCCCCCCCCCCCCCCCCCCCCCCCCCCCCCCCCCCCCCCCCCCCCCCCCCCCCCCCCCCCCCCCCCCCCCCCCCCCCCCCCCCCCCCCCCCCCCCCCCCCCCCCCCCCCCCCCCCCCCCCCCCCCCCCCCCCCCCCCCCCCCCCCCCCDD,595,10,197,3.020304568527919,0.050761421319796954,1,"[0, 1, 0]",True,195,195,0,2,0,194,1,0,0,0,1,0,0,0
33,2,6,0,First by Nydegger,Grudger,CCCCCCCCCCCCCCCCCCCCCCCCCCCCCCCCCCCCCCCCCCCCCCCCCCCCCCCCCCCCCCCCCCCCCCCCCCCCCCCCCCCCCCCCCCCCCCCCCCCCCCCCCCCCCCCCCCCCCCCCCCCCCCCCCCCCCCCCCCCCCCCCCCCCCCCCCCCCCCCCCCCCCCCCCCCCCCCCCCCCCCCCCCCCCCCCCC,582,0,194,3.0,0.0,0,"[0, 0, 1]",True,194,194,0,0,0,193,0,0,0,0,0,0,0,1
33,6,2,0,Grudger,First by Nydegger,CCCCCCCCCCCCCCCCCCCCCCCCCCCCCCCCCCCCCCCCCCCCCCCCCCCCCCCCCCCCCCCCCCCCCCCCCCCCCCCCCCCCCCCCCCCCCCCCCCCCCCCCCCCCCCCCCCCCCCCCCCCCCCCCCCCCCCCCCCCCCCCCCCCCCCCCCCCCCCCCCCCCCCCCCCCCCCCCCCCCCCCCCCCCCCCCCC,582,0,194,3.0,0.0,0,"[0, 0, 1]",True,194,194,0,0,0,193,0,0,0,0,0,0,0,1
34,2,7,0,First by Nydegger,First by Davis: 10,CCCCCCCCCCCCCCCCCCCCCCCCCCCCCCCCCCCCCCCCCCCCCCCCCCCCCCCCCCCCCCCCCCCCCCCCCCCCCCCCCCCCCCCCCCCCCCCCCCCCCCCCCCCCCCCCCCCCCCCCCCCCCCCCCCCCCCCCCCCCCCCCCCCCCCCCCCCCCCCCCCCCCCCCCCCCCCCCCCCCCCCCCCCCCCCCCCCCCCCCCCCCCCCCCCCCCC,642,0,214,3.0,0.0,0,"[0, 0, 1]",True,214,214,0,0,0,213,0,0,0,0,0,0,0,1
34,7,2,0,First by Davis: 10,First by Nydegger,CCCCCCCCCCCCCCCCCCCCCCCCCCCCCCCCCCCCCCCCCCCCCCCCCCCCCCCCCCCCCCCCCCCCCCCCCCCCCCCCCCCCCCCCCCCCCCCCCCCCCCCCCCCCCCCCCCCCCCCCCCCCCCCCCCCCCCCCCCCCCCCCCCCCCCCCCCCCCCCCCCCCCCCCCCCCCCCCCCCCCCCCCCCCCCCCCCCCCCCCCCCCCCCCCCCCCC,642,0,214,3.0,0.0,0,"[0, 0, 1]",True,214,214,0,0,0,213,0,0,0,0,0,0,0,1
35,2,8,0,First by Nydegger,First by Graaskamp: 0.05,CCCCCCCCCCCCCCCCCCCCCCCCCCCCCCCCCCCCCCCCCCCCCCCCCCCCCCCCCCCCCCCCCCCCCCCCCCCCCCCCCCCCCCCCCCCCCCCCCCCCCCCCCCCCCCCCCCCCCCCCCCCCCCCCCCCCCCCCCCCCCCCCCCCCCCCCCCCCCCCCCCCCCCCCCCCCCCCCCCCCCCCCCCCCCCCCCCCCCCCCCCCCCCCCCCCCCC,597,-75,214,2.789719626168224,-0.35046728971962615,0,"[0, 1, 0]",True,214,199,15,0,0,198,0,15,0,0,0,0,0,1
35,8,2,0,First by Graaskamp: 0.05,First by Nydegger,CCCCCCCCCCCCCCCCCCCCCCCCCCCCCCCCCCCCCCCCCCCCCCCCCCDCCCCCCCCCCCCCCCCCCCDCCCCCCCCCCDCCCCCCCCCCCCCDCCCCCCCCCCCDCCCCCCCCCCCDCCCCCCCDCCCCCDCCCCDCCCCCCCCCDCCCCCCCCCCCCCDCCCCCCCCCCCDCCCCCCCCCDCCCCCCCCCCCDCCCCCCCCCCDCCCCCC,672,75,214,3.1401869158878504,0.35046728971962615,1,"[0, 1, 0]",True,199,199,0,15,0,183,15,0,0,15,0,0,0,0
36,2,9,0,First by Nydegger,First by Downing,CDDDDCCCCCCCCCCCCCCCCCCCCCCCCCCCCCCCCCCCCCCCCCCCCCCCCCCCCCCCCCCCCCCCCCCCCCCCCCCCCCCCCCCCCCCCCCCCCCCCCCCCCCCCCCCCCCCCCCCCCCCCCCCCCCCCCCCCCCCCCCCCCCCCCCCCCCCCCCCCCCCCCCCCCCCCCCCCCCCCCC,15,-875,182,0.08241758241758242,-4.8076923076923075,0,"[0, 1, 0]",True,178,1,177,2,2,1,0,175,1,0,2,1,1,1
36,9,2,0,First by Downing,First by Nydegger,DDCCDCDDDDDDDDDDDDDDDDDDDDDDDDDDDDDDDDDDDDDDDDDDDDDDDDDDDDDDDDDDDDDDDDDDDDDDDDDDDDDDDDDDDDDDDDDDDDDDDDDDDDDDDDDDDDDDDDDDDDDDDDDDDDDDDDDDDDDDDDDDDDDDDDDDDDDDDDDDDDDDDDDDDDDDDDDDDDDDDD,890,875,182,4.8901098901098905,4.8076923076923075,1,"[0, 1, 0]",False,3,1,2,177,2,0,1,1,1,0,176,2,0,0
37,2,10,0,First by Nydegger,"First by Feld: 1.0, 0.5, 200",CCCCCCCCCCCCCCCCCCCCCCCCCCCCCCCCCCCCCCCCCCCCCCCCCCCCCCCCCCCCCCCCCCCCCCCCCCCCCCCCCCCCCCCCCCCCCCCCCCCCCCCCCCCCCCCCCCCCCCCCCCCCCCCCCCCCCCCCCCCCCCCCCCCCCCCCCCCCCCCCCCCCCCCCCCCCCCCCCCCC,420,-200,180,2.3333333333333335,-1.1111111111111112,0,"[0, 1, 0]",True,180,140,40,0,0,139,0,40,0,0,0,0,0,1
37,10,2,0,"First by Feld: 1.0, 0.5, 200",First by Nydegger,CCCCCCCCCCCCCCCCCCCCCCCCCCCCCCCCCCCDDCCDCCCCCCCCCCCCDCDCDCCCDDCCCCCDCCCCCDCCDCCCCCCCCCCCCCCCDCCCCCCDCDCCCCCCDCDCCCCCCCCCDCCCDCCCDCCCCDDDCDCDCCCDDDCCCCCDCCCCDCDDCCCDDCDDCDCDDCDDCCCC,620,200,180,3.4444444444444446,1.1111111111111112,1,"[0, 1, 0]",True,140,140,0,40,0,110,29,0,0,29,11,0,0,0
38,2,11,0,First by Nydegger,First by Joss: 0.9,CCCCCCCCCCCCCCCCCCCCCCCCCCCCCCCCCCCCCCCCCCCCCCCCCCCCCCCCCCCCCCCCCCCCCCCCCCCCCCCCCCCCCCCCCCCCCCCCCCCCCCCCCCCCCCCCCCCCCCCCCCCCCCCCCCCCCCCCCCCCCCCCCCCCCCCCCCCCCCCCCCCCCCCCCCCCCCCCCCCCCCCCCCCCCCCCCCCCCCCCCCCCCCCCCCC,585,-80,211,2.772511848341232,-0.3791469194312796,0,"[0, 1, 0]",True,211,195,16,0,0,194,0,16,0,0,0,0,0,1
38,11,2,0,First by Joss: 0.9,First by Nydegger,CCCCCCCCCCCCCCCDCCCCCCCCCCCCCCCDCCCCCCCCDCCCCCCCCCCCCCCCDCCCCCCCCCCCCCCCCCCCCCCCCCCCCCCCCCCCCCCCDCCCCCCCDCCDCDCCCCCCCCCCCCCCCCCCCCCCCCCCCCCCCCCCCCCCCCCCCCCDCCCCDCCCCCCCCCCCCDCCCCDDCCCCCCDCCCCCCCCCDCCCCCCDCCCCCCC,665,80,211,3.1516587677725116,0.3791469194312796,1,"[0, 1, 0]",True,195,195,0,16,0,179,15,0,0,15,1,0,0,0
39,2,12,0,First by Nydegger,First by Tullock,CCCCCCCCCCCCCCCCCCCCCCCCCCCCCCCCCCCCCCCCCCCCCCCCCCCCCCCCCCCCCCCCCCCCCCCCCCCCCCCCCCCCCCCCCCCCCCCCCCCCCCCCCCCCCCCCCCCCCCCCCCCCCCCCCCCCCCCCCCCCCCCCCCCCCCCCCCCCCCCCCCCCCCCCCCCCCCCCCCCCCCCCCCCCCCCC,498,-130,192,2.59375,-0.6770833333333334,0,"[0, 1, 0]",True,192,166,26,0,0,165,0,26,0,0,0,0,0,1
39,12,2,0,First by Tullock,First by Nydegger,CCCCCCCCCCCCCCCCDCCCCCCCCCCCCCCDCDCDCCCCCDCCDCCCDCCCCCCCCCCCCCCCCCCCDDCCCCCCCCCCCCCCCCCCCCCCCCCCCCCDCCDDCDCCCCDCCCCDCCCCCDDCCCCCCCCCCCCCDCCCCCCCCDDCCCCCCCCCCCDCCDCCCCCCCCCCCCCCCCCCDCCDCCCDCCDC,628,130,192,3.2708333333333335,0.6770833333333334,1,"[0, 1, 0]",True,166,166,0,26,0,143,22,0,0,22,4,0,0,0
40,2,13,0,First by Nydegger,First by Anonymous,CDDCCCCCCCCCCCCCCCCCCCCCCCCCCCCCCCCCCCCCCCCCCCCCCCCCCCCCCCCCCCCCCCCCCCCCCCCCCCCCCCCCCCCCCCCCCCCCCCCCCCCCCCCCCCCCCCCCCCCCCCCCCCCCCCCCCCCCCCCCCCCCCCCCCCCCCCCCCCCCCCCCCCCCCCCCCCCCCCCCC,257,-470,181,1.419889502762431,-2.596685082872928,0,"[0, 1, 0]",True,179,85,94,0,2,85,0,92,1,0,0,1,1,1
40,13,2,0,First by Anonymous,First by Nydegger,DDDDCDDDDCCDDDDDCCCDCDCDCDDDDDCCCCCDDCCCDCDDCDCCCDDCCCCDCCDDDDDCDDDDCDCDDCCCDDDCDCCCDDCDCDCDDDDDCDDCDCDCDDDCCDDCDDCDCDCDCCDCCDCDCCCCCDCCDDCCDDCCCCDDDCDCDCDDCDDCDDDDCCCDCDDCCDCCCCDCD,727,470,181,4.016574585635359,2.596685082872928,1,"[0, 1, 0]",False,85,85,0,94,2,37,48,0,0,48,45,0,2,0
41,2,14,0,First by Nydegger,Random: 0.5,CCCCCCCCCCCCCCCCCCCCCCCCCCCCCCCCCCCCCCCCCCCCCCCCCCCCCCCCCCCCCCCCCCCCCCCCCCCCCCCCCCCCCCCCCCCCCCCCCCCCCCCCCCCCCCCCCCCCCCCCCCCCCCCCCCCCCCCCCCCCCCCCCCCCCCCCCCCCCCCCCCCCCCCCCCCCCCCCCCCCCCCCCCCCCCCCCCCCCCCCCCCCCCCC,303,-535,208,1.4567307692307692,-2.5721153846153846,0,"[0, 1, 0]",True,208,101,107,0,0,101,0,106,0,0,0,0,0,1
41,14,2,0,Random: 0.5,First by Nydegger,CCDCDDDCCDDCCCDDCDDCCCDCDCCCDCCDDDDCDCDCDDDDDDDCCCCDDCDDCDDCDDDCCDDCCDDDDCCCDDDDDDDDCCCCDDCDCCDDDDCCDDDCCDCCDCDDCCCCDCDDDCDCCDDCCCCCCCCDCCDDCCDDDDCDDCDCDDDCDCCCCDDCDDCDCCDCDCCDDCDDDCDCCCCCCCDCCCDDDCDCDCDCDCDD,838,535,208,4.028846153846154,2.5721153846153846,1,"[0, 1, 0]",True,101,101,0,107,0,49,52,0,0,51,55,0,0,0
42,3,3,0,First by Grofman,First by Grofman,CCCCCCCCCCCCCCCCCCCCCCCCCCCCCCCCCCCCCCCCCCCCCCCCCCCCCCCCCCCCCCCCCCCCCCCCCCCCCCCCCCCCCCCCCCCCCCCCCCCCCCCCCCCCCCCCCCCCCCCCCCCCCCCCCCCCCCCCCCCCCCCCCCCCCCCCCCCCCCCCCCCCCCCCCCCCCCCCCCCCCCCCCCCCCCCCCCCCCCCCCCCC,612,0,204,3.0,0.0,0,"[0, 0, 1]",True,204,204,0,0,0,203,0,0,0,0,0,0,0,1
42,3,3,0,First by Grofman,First by Grofman,CCCCCCCCCCCCCCCCCCCCCCCCCCCCCCCCCCCCCCCCCCCCCCCCCCCCCCCCCCCCCCCCCCCCCCCCCCCCCCCCCCCCCCCCCCCCCCCCCCCCCCCCCCCCCCCCCCCCCCCCCCCCCCCCCCCCCCCCCCCCCCCCCCCCCCCCCCCCCCCCCCCCCCCCCCCCCCCCCCCCCCCCCCCCCCCCCCCCCCCCCCCC,612,0,204,3.0,0.0,0,"[0, 0, 1]",True,204,204,0,0,0,203,0,0,0,0,0,0,0,1
43,3,4,0,First by Grofman,First by Shubik,CCCCCCCCCCCCCCCCCCCCCCCCCCCCCCCCCCCCCCCCCCCCCCCCCCCCCCCCCCCCCCCCCCCCCCCCCCCCCCCCCCCCCCCCCCCCCCCCCCCCCCCCCCCCCCCCCCCCCCCCCCCCCCCCCCCCCCCCCCCCCCCCCCCCCCCCCCCCCCCCCCCCCCCCCCCCCCCCCCCCCCCCCCCCCCCCCCCCCCCCCCC,609,0,203,3.0,0.0,0,"[0, 0, 1]",True,203,203,0,0,0,202,0,0,0,0,0,0,0,1
43,4,3,0,First by Shubik,First by Grofman,CCCCCCCCCCCCCCCCCCCCCCCCCCCCCCCCCCCCCCCCCCCCCCCCCCCCCCCCCCCCCCCCCCCCCCCCCCCCCCCCCCCCCCCCCCCCCCCCCCCCCCCCCCCCCCCCCCCCCCCCCCCCCCCCCCCCCCCCCCCCCCCCCCCCCCCCCCCCCCCCCCCCCCCCCCCCCCCCCCCCCCCCCCCCCCCCCCCCCCCCCCC,609,0,203,3.0,0.0,0,"[0, 0, 1]",True,203,203,0,0,0,202,0,0,0,0,0,0,0,1
44,3,5,0,First by Grofman,"First by Stein and Rapoport: 0.05: (D, D)",CCCCCCCCCCCCCCCCCCCCCCCCCCCCCCCCCCCCCCCCCCCCCCCCCCCCCCCCCCCCCCCCCCCCCCCCCCCCCCCCCCCCCCCCCCCCCCCCCCCCCCCCCCCCCCCCCCCCCCCCCCCCCCCCCCCCCCCCCCCCCCCCCCCCCCCCCCCCCCCCCCCCCCCCCCCCCCCCCCCCD,538,-5,181,2.972375690607735,-0.027624309392265192,0,"[0, 1, 0]",True,180,179,1,0,1,179,0,0,1,0,0,0,0,1
44,5,3,0,"First by Stein and Rapoport: 0.05: (D, D)",First by Grofman,CCCCCCCCCCCCCCCCCCCCCCCCCCCCCCCCCCCCCCCCCCCCCCCCCCCCCCCCCCCCCCCCCCCCCCCCCCCCCCCCCCCCCCCCCCCCCCCCCCCCCCCCCCCCCCCCCCCCCCCCCCCCCCCCCCCCCCCCCCCCCCCCCCCCCCCCCCCCCCCCCCCCCCCCCCCCCCCCCCCDD,543,5,181,3.0,0.027624309392265192,1,"[0, 1, 0]",True,179,179,0,1,1,178,1,0,0,0,1,0,0,0
45,3,6,0,First by Grofman,Grudger,CCCCCCCCCCCCCCCCCCCCCCCCCCCCCCCCCCCCCCCCCCCCCCCCCCCCCCCCCCCCCCCCCCCCCCCCCCCCCCCCCCCCCCCCCCCCCCCCCCCCCCCCCCCCCCCCCCCCCCCCCCCCCCCCCCCCCCCCCCCCCCCCCCCCCCCCCCCCCCCCCCCCCCCCCCCCCCCCCCCCCCC,549,0,183,3.0,0.0,0,"[0, 0, 1]",True,183,183,0,0,0,182,0,0,0,0,0,0,0,1
45,6,3,0,Grudger,First by Grofman,CCCCCCCCCCCCCCCCCCCCCCCCCCCCCCCCCCCCCCCCCCCCCCCCCCCCCCCCCCCCCCCCCCCCCCCCCCCCCCCCCCCCCCCCCCCCCCCCCCCCCCCCCCCCCCCCCCCCCCCCCCCCCCCCCCCCCCCCCCCCCCCCCCCCCCCCCCCCCCCCCCCCCCCCCCCCCCCCCCCCCCC,549,0,183,3.0,0.0,0,"[0, 0, 1]",True,183,183,0,0,0,182,0,0,0,0,0,0,0,1
46,3,7,0,First by Grofman,First by Davis: 10,CCCCCCCCCCCCCCCCCCCCCCCCCCCCCCCCCCCCCCCCCCCCCCCCCCCCCCCCCCCCCCCCCCCCCCCCCCCCCCCCCCCCCCCCCCCCCCCCCCCCCCCCCCCCCCCCCCCCCCCCCCCCCCCCCCCCCCCCCCCCCCCCCCCCCCCCCCCCCCCCCCCCCCCCCCCCCCCCCCCCCCCCCCCCCCCCCCCCCCC,597,0,199,3.0,0.0,0,"[0, 0, 1]",True,199,199,0,0,0,198,0,0,0,0,0,0,0,1
46,7,3,0,First by Davis: 10,First by Grofman,CCCCCCCCCCCCCCCCCCCCCCCCCCCCCCCCCCCCCCCCCCCCCCCCCCCCCCCCCCCCCCCCCCCCCCCCCCCCCCCCCCCCCCCCCCCCCCCCCCCCCCCCCCCCCCCCCCCCCCCCCCCCCCCCCCCCCCCCCCCCCCCCCCCCCCCCCCCCCCCCCCCCCCCCCCCCCCCCCCCCCCCCCCCCCCCCCCCCCCC,597,0,199,3.0,0.0,0,"[0, 0, 1]",True,199,199,0,0,0,198,0,0,0,0,0,0,0,1
47,3,8,0,First by Grofman,First by Graaskamp: 0.05,CCCCCCCCCCCCCCCCCCCCCCCCCCCCCCCCCCCCCCCCCCCCCCCCCCCDDCDDCCCCCCCCCCCCCCCCCCCCCCCCCCCCCCCCCCCDDDDDCCCCCCCCCDCCCCCCCCDDDDCCDCCCCCCCCCCCCCCCCCCCCCCCDCCCCCCCDDDDDCCCCCCCCCCCCCCCCDDDDDDD,549,65,180,3.05,0.3611111111111111,1,"[1, 0, 0]",True,152,139,13,26,2,139,0,4,9,6,19,2,0,0
47,8,3,0,First by Graaskamp: 0.05,First by Grofman,CCCCCCCCCCCCCCCCCCCCCCCCCCCCCCCCCCCCCCCCCCCCCCCCCCDCDDCDCCCCCCCDCCCCCCCCCCCCDCCCCCCCCCCCCCDCCCCCCCCCCCCCDCCCCCCCCDCCCCCDCCCCCCCCCCCCCDCCCCCCCCCDCCCCCCCDCCCCCCCCDCCCCCCCCCCCDCCCCCCC,484,-65,180,2.688888888888889,-0.3611111111111111,0,"[1, 0, 0]",True,165,139,26,13,2,127,12,23,2,13,0,1,1,1
48,3,9,0,First by Grofman,First by Downing,CDCCDDCCDCCDCDCCCDCCDCDCCDCDCDCDCDCDCDCDCDCCDCDCDCCDCDCDCDCDCDCDCDCDCDCDCDCDCCDCDCCCCDCCCDCDCDCCDCDCCDCDCDCCDCDCDCDCDCDCDCDCDCDCDCDCDCDCCCDCCDCDCDCDCDCDCDCDCDCCDCDCCDCDCDCDCCCCDCCDCDCDCDCDCCDCDCCDCDCDCDCC,97,-570,204,0.47549019607843135,-2.7941176470588234,0,"[0, 1, 0]",True,117,2,115,1,86,2,0,28,86,0,1,86,0,1
48,9,3,0,First by Downing,First by Grofman,DDCDCDCDDDDDDDDDDDDDDDDDDDDDDDDDDDDDDDDDDDDDDDDDDDDDDDDDDDDDDDDDDDDDDDDDDDDDDDDDDDDDDDDDDDDDDDDDDDDDDDDDDDDDDDDDDDDDDDDDDDDDDDDDDDDDDDDDDDDDDDDDDDDDDDDDDDDDDDDDDDDDDDDDDDDDDDDDDDDDDDDDDDDDDDDDDDDDDDDDDDDD,667,570,204,3.269607843137255,2.7941176470588234,1,"[0, 1, 0]",False,3,2,1,115,86,0,2,0,1,1,113,2,84,0
49,3,10,0,First by Grofman,"First by Feld: 1.0, 0.5, 200",CCCCCCCCCCCCCCCCCCCCCCCCCCCCCCDDCDDCCCCCCCCCCDCDDCCCCCCDDCDDCDCDDCCCCDCDDCDDCDDCDDCDDCDDCCDCCDCCCDCCCCCCCCCCCDDCCDDCDCDDCDDCDDCDDCCCCCDCCDCCCCCCCCCCCCDCDDCDDCDDCCDDCDCCCCCDCCCDCDCDDCDCDCDCDCDCDCDCDCDCDDCDCDC,407,-170,207,1.9661835748792271,-0.821256038647343,0,"[0, 1, 0]",True,134,66,68,34,39,66,0,18,49,10,24,39,0,1
49,10,3,0,"First by Feld: 1.0, 0.5, 200",First by Grofman,CCCCCCCCCCCCCCCCCCCCCCCCCCCCCDCDDCDDCCCCCCCCDCDCDDCCCCDCDDCDDCDCDDCDDDDCDDCDDCDDCDDCDDCDDDCDDCDCDCDCCDCCCCCCDCDDDCDDDDCDDCDDCDDCDDCCCDDDDCDCCCCDCCDCCDCDCDDCDDCDDDCDDDDCCCDDDCDDDDDCDDCDDDDDDDDDCDDDDDDDCDDDDCD,577,170,207,2.78743961352657,0.821256038647343,1,"[0, 1, 0]",True,100,66,34,68,39,53,13,0,34,46,21,0,39,0
50,3,11,0,First by Grofman,First by Joss: 0.9,CCDDCDDCCCCCCCCCCCCCCCCCCCCCCCCCCCCCCCCCCCDCDCCCCCCCCCCCCCCDCCCCCCCCCCCCCCCCCCCCCCCCCCCCCCCCCCCCCCDDCDDCCCCDDCDCDDCCCCCCCDDCCCCCCCCCCCCCCCCCCCCCCCCCCDCDDCDDCDCCCCCCCCCCCCCCCCCDDCDCCCCCCCCCCCCCCCCCCCCDD,522,-65,201,2.5970149253731343,-0.32338308457711445,0,"[0, 1, 0]",True,172,143,29,16,13,143,0,11,18,5,11,12,0,1
50,11,3,0,First by Joss: 0.9,First by Grofman,CDCDDCDDDCCCCCCCCCCCCCCCCCCCCCCCCCCCDCCCCDCDCDCCCCCCCCCCCCDCDCCCCCCCCCCCCCCCCCCCCCCCCCCCCCCCCCCCCDCDDCDDCCDCDDCDCDDCCCCCDCDDCCDCCCCCCCCCCCCCCCCCCCCCDCDCDDCDDDDCCCCCCCCCCCCCCCDCDDDDCCCCCCCCCCCCCCCCCCDCD,587,65,201,2.9203980099502487,0.32338308457711445,1,"[0, 1, 0]",True,159,143,16,29,13,132,11,0,16,26,3,0,12,0
51,3,12,0,First by Grofman,First by Tullock,CCCCCCCCCCCCCCCCCCCCCCCCDCDDCCCDCDCCCCCCCCCCCCCCCCCCCCCDDCCCCCCCCCCCCCCCCCCCDCCCCCCCCCCCCCCCCCDCDCCCCDCCCCCCCCCCCCCCCCCCCDCCCCDCCCCCDCCCCCCCCCCCCCCCCCCCCCCCCCCCCCCCCCCCCCCCCCDCDCCCCCCCDDCCCCDCDDCCCCDCCCCCCCCCCCCC,552,-90,212,2.6037735849056602,-0.42452830188679247,0,"[0, 1, 0]",True,190,158,32,14,8,158,0,13,18,10,4,8,0,1
51,12,3,0,First by Tullock,First by Grofman,CCCCCCCCCCCCCCCCCCCCCCCDDDCCCCDDDDCCDCCCCCDCCCCCCCCCCCDCDDCCCCCCCCCDDCCCCCCDCDCDCCCDCCCCCCCCCDCDCCCCDCCCCCCCCCCCCCCCCCCCDCCCCDCDCDCDCCCDCCCCCCCCCCCCCCCCCCCCCCCCCCCCCCCCDCCCCDCDDCCCCCCDCDDCCDDDCDCCCDCCCCCCCCCCCCCD,642,90,212,3.0283018867924527,0.42452830188679247,1,"[0, 1, 0]",True,172,158,14,32,8,136,22,7,7,25,6,3,5,0
52,3,13,0,First by Grofman,First by Anonymous,CCCCCDDCCCCCDCCCCCDDCDCDCCCCCCDDCCCCCCCCCDDCCCDDCDCCCCCDCDDCCCDCCCCCCCCCDDCCCCCDCCCDCCDCDDCCCCCCCDDCCDDCCCCCDCDDCDCCDCCDDCCCCDCCDCDDCCCDDCCCDDDDCDCCCCCDDDCDCCCCDDCDCCCCCDDCDDDCDCDCCCDDCDDCCDCDCDCCCDC,401,-150,199,2.0150753768844223,-0.7537688442211056,0,"[0, 1, 0]",True,130,68,62,32,37,67,0,18,44,7,25,37,0,1
52,13,3,0,First by Anonymous,First by Grofman,DCCDDCCCCDCDDCCCCDCDDDDDDCCCDDCDCDDCCCCDDCDCCDCCDDCCCCDDDCCCCDDCDCDCCCCDCDDCCCDDCCDCCDDDCDCCDCCCDCDDDCDCDCCDDDCDDDCDCCDCDCDCDDCDDDCDCCDCDCCDCCCDDCDCCCDCCDDDCCDDCDDCCCCDDCDDCCDDDDDCCDCDDCDCDDDDDDCCDDC,551,150,199,2.7688442211055277,0.7537688442211056,1,"[0, 1, 0]",False,100,68,32,62,37,34,33,12,20,36,26,18,19,0
53,3,14,0,First by Grofman,Random: 0.5,CCDDDCCCDCCCCCCCCCCCCCDCCCDDDDCDCCDCCCCDDDDDDCDCDDCDDCCCDCDCCDCCCDCCCCCCCCCCCCCCCCCCCDCCDCCDDDCDCDDCCCCCCCCDDDCCDDDCDDDCCDCDCDCDDCCDDCDDDCCDDDCCCDDCDCCCCCDCCCCDCCCDCCCDDCDDCCDDCCDCDCDCDCCCCDCCCDDDDCDC,409,-125,200,2.045,-0.625,0,"[0, 1, 0]",True,122,57,65,40,38,57,0,20,44,6,34,38,0,1
53,14,3,0,Random: 0.5,First by Grofman,CDCCCDCDDDCCCDCDCCCCCDDCDDCCCCDDCDDCCDDCCCCCDDDDCDDCDDDDCDDCDDDCDDCDDCCCCCDCCCDDCCCCDDCDDCDCCDDDDCDDCCCCCCDCCDCDCCDDCCDCDDDCDDDCDDDCDDCCCCDCCDCCDCDDDDCCCDDCCCDCCCDDCDDCDDCDCDCDCDDDDDDDDCDCDDDCDCCCDDDD,534,125,200,2.67,0.625,1,"[0, 1, 0]",True,97,57,40,65,38,27,30,20,20,34,30,15,23,0
54,4,4,0,First by Shubik,First by Shubik,CCCCCCCCCCCCCCCCCCCCCCCCCCCCCCCCCCCCCCCCCCCCCCCCCCCCCCCCCCCCCCCCCCCCCCCCCCCCCCCCCCCCCCCCCCCCCCCCCCCCCCCCCCCCCCCCCCCCCCCCCCCCCCCCCCCCCCCCCCCCCCCCCCCCCCCCCCCCCCCCCCCCCCCCCCCCCCCCCCCCCCCCCCCCCCCCCCCCCCCCCCCC,612,0,204,3.0,0.0,0,"[0, 0, 1]",True,204,204,0,0,0,203,0,0,0,0,0,0,0,1
54,4,4,0,First by Shubik,First by Shubik,CCCCCCCCCCCCCCCCCCCCCCCCCCCCCCCCCCCCCCCCCCCCCCCCCCCCCCCCCCCCCCCCCCCCCCCCCCCCCCCCCCCCCCCCCCCCCCCCCCCCCCCCCCCCCCCCCCCCCCCCCCCCCCCCCCCCCCCCCCCCCCCCCCCCCCCCCCCCCCCCCCCCCCCCCCCCCCCCCCCCCCCCCCCCCCCCCCCCCCCCCCCC,612,0,204,3.0,0.0,0,"[0, 0, 1]",True,204,204,0,0,0,203,0,0,0,0,0,0,0,1
55,4,5,0,First by Shubik,"First by Stein and Rapoport: 0.05: (D, D)",CCCCCCCCCCCCCCCCCCCCCCCCCCCCCCCCCCCCCCCCCCCCCCCCCCCCCCCCCCCCCCCCCCCCCCCCCCCCCCCCCCCCCCCCCCCCCCCCCCCCCCCCCCCCCCCCCCCCCCCCCCCCCCCCCCCCCCCCCCCCCCCCCCCCCCCCCCCCCCCCCCCCCCCCCCCCCCCCCCCCCCCCCCCCCCCCCCCCCCCCCCCCCCCCCD,625,-5,210,2.9761904761904763,-0.023809523809523808,0,"[0, 1, 0]",True,209,208,1,0,1,208,0,0,1,0,0,0,0,1
55,5,4,0,"First by Stein and Rapoport: 0.05: (D, D)",First by Shubik,CCCCCCCCCCCCCCCCCCCCCCCCCCCCCCCCCCCCCCCCCCCCCCCCCCCCCCCCCCCCCCCCCCCCCCCCCCCCCCCCCCCCCCCCCCCCCCCCCCCCCCCCCCCCCCCCCCCCCCCCCCCCCCCCCCCCCCCCCCCCCCCCCCCCCCCCCCCCCCCCCCCCCCCCCCCCCCCCCCCCCCCCCCCCCCCCCCCCCCCCCCCCCCCCDD,630,5,210,3.0,0.023809523809523808,1,"[0, 1, 0]",True,208,208,0,1,1,207,1,0,0,0,1,0,0,0
56,4,6,0,First by Shubik,Grudger,CCCCCCCCCCCCCCCCCCCCCCCCCCCCCCCCCCCCCCCCCCCCCCCCCCCCCCCCCCCCCCCCCCCCCCCCCCCCCCCCCCCCCCCCCCCCCCCCCCCCCCCCCCCCCCCCCCCCCCCCCCCCCCCCCCCCCCCCCCCCCCCCCCCCCCCCCCCCCCCCCCCCCCCCCCCCCCCCCCCCCCCCCCCCCCCCCCCCCCC,597,0,199,3.0,0.0,0,"[0, 0, 1]",True,199,199,0,0,0,198,0,0,0,0,0,0,0,1
56,6,4,0,Grudger,First by Shubik,CCCCCCCCCCCCCCCCCCCCCCCCCCCCCCCCCCCCCCCCCCCCCCCCCCCCCCCCCCCCCCCCCCCCCCCCCCCCCCCCCCCCCCCCCCCCCCCCCCCCCCCCCCCCCCCCCCCCCCCCCCCCCCCCCCCCCCCCCCCCCCCCCCCCCCCCCCCCCCCCCCCCCCCCCCCCCCCCCCCCCCCCCCCCCCCCCCCCCCC,597,0,199,3.0,0.0,0,"[0, 0, 1]",True,199,199,0,0,0,198,0,0,0,0,0,0,0,1
57,4,7,0,First by Shubik,First by Davis: 10,CCCCCCCCCCCCCCCCCCCCCCCCCCCCCCCCCCCCCCCCCCCCCCCCCCCCCCCCCCCCCCCCCCCCCCCCCCCCCCCCCCCCCCCCCCCCCCCCCCCCCCCCCCCCCCCCCCCCCCCCCCCCCCCCCCCCCCCCCCCCCCCCCCCCCCCCCCCCCCCCCCCCCCCCCCCCCCCCCCCC,540,0,180,3.0,0.0,0,"[0, 0, 1]",True,180,180,0,0,0,179,0,0,0,0,0,0,0,1
57,7,4,0,First by Davis: 10,First by Shubik,CCCCCCCCCCCCCCCCCCCCCCCCCCCCCCCCCCCCCCCCCCCCCCCCCCCCCCCCCCCCCCCCCCCCCCCCCCCCCCCCCCCCCCCCCCCCCCCCCCCCCCCCCCCCCCCCCCCCCCCCCCCCCCCCCCCCCCCCCCCCCCCCCCCCCCCCCCCCCCCCCCCCCCCCCCCCCCCCCCCC,540,0,180,3.0,0.0,0,"[0, 0, 1]",True,180,180,0,0,0,179,0,0,0,0,0,0,0,1
58,4,8,0,First by Shubik,First by Graaskamp: 0.05,CCCCCCCCCCCCCCCCCCCCCCCCCCCCCCCCCCCCCCCCCCCCCCCCCCCDCDDCDDDCCCCCCDDDDCCCCCCCDDDDDCCCCCCCCCCCDDDDDDCCCCCCCCCCCDDDDDDDCCCDDDDDDDDCDDDDDDDDDCDDDDDDDDDDCCCCCCCCCCCCDDDDDDDDDDDCCCDDDDDDDDDDDDCCCCCCCDDDDDDDDDDDD,712,330,205,3.473170731707317,1.6097560975609757,1,"[1, 0, 0]",True,115,102,13,79,11,102,0,0,13,9,70,3,7,0
58,8,4,0,First by Graaskamp: 0.05,First by Shubik,CCCCCCCCCCCCCCCCCCCCCCCCCCCCCCCCCCCCCCCCCCCCCCCCCCDCDCDDCCCCCCCCDCCCCCCCCCCDCCCCDCCCCCCCCCCDCCCCCDCCCCCCCCCCDCCCCDCCCCDCCCCCCCCDCCCCCCCCCDCCCCCCCCDCCCCCCCCCCCCDCCCCDCCCCCCCCDCCCCDCCCCDCCCCCCCCDCCCCCCCDCCDD,382,-330,205,1.8634146341463416,-1.6097560975609757,0,"[1, 0, 0]",True,181,102,79,13,11,93,9,66,13,13,0,8,2,1
59,4,9,0,First by Shubik,First by Downing,CDCCDDCCDDDCDDDDCDDDDDCDDDDDDCCDDDDDDDCCDDDDDDDDCCDDDDDDDDDCDDDDDDDDDDCDDDDDDDDDDDCDDDDDDDDDDDDCDDDDDDDDDDDDDCDDDDDDDDDDDDDDCDDDDDDDDDDDDDDDCDDDDDDDDDDDDDDDDCCDDDDDDDDDDDDDDDDDCDDDDDDDD,243,-10,185,1.3135135135135134,-0.05405405405405406,0,"[0, 1, 0]",True,24,6,18,16,145,6,0,0,18,3,13,14,130,1
59,9,4,0,First by Downing,First by Shubik,DDCDCDCDDDCDCDCDDDDDDDDDDDDDDCDCDDDDDDCDCDDDDDDDCDCDDDDDDDCDCCDDDDDDDDDDDDDDDDDCDDDDDDDDDDDDDDDDDDDDDDDDDDDDDDDDDDDDDDDDDDDCDCCDDDDDDDDDDDDDDDDDDDDDDDDDDDDDDCDCDDDDDCDDDDDDDDDDDDDDDDDDD,253,10,185,1.3675675675675676,0.05405405405405406,1,"[0, 1, 0]",False,22,6,16,18,145,0,6,2,14,8,10,12,132,0
60,4,10,0,First by Shubik,"First by Feld: 1.0, 0.5, 200",CCCCCCCCCCCCCCCCCCCCCCCDCDDCDDDCDDDDCDDDDDCDDDDDDCDDDDDDDCDDDDDDDDCDDDDDDDDDCDDDDDDDDDDCDDDDDDDDDDDCDDDDDDDDDDDDCDDDDDDDDDDDDDCDDDDDDDDDDDDDDCDDDDDDDDDDDDDDDCDDDDDDDDDDDDDDDDCDDDDDDDDD,263,-20,184,1.4293478260869565,-0.10869565217391304,0,"[0, 1, 0]",True,39,22,17,13,132,22,0,0,17,1,12,15,116,1
60,10,4,0,"First by Feld: 1.0, 0.5, 200",First by Shubik,CCCCCCCCCCCCCCCCCCCCCCDCDCDDCDDDCDDDDCDDDDDDDDDDDDCDDDDDDDDDDDDDDDDCDDDDDDDDDCDDDDDDDDDDCDDDDDDDDDDDDDDDDDDDDDDDDDDDDDDDDDDDDDDCDDDDDDDDDDDDDDCDDDDDDDDDDDDDDDCDDDDDDDDDDDDDDDDCDDDDDDDD,283,20,184,1.5380434782608696,0.10869565217391304,1,"[0, 1, 0]",True,35,22,13,17,132,21,1,0,13,13,4,0,131,0
61,4,11,0,First by Shubik,First by Joss: 0.9,CCCDCDDCDDDCDDDDCDDDDDCDDDDDDCDDDDDDDCDDDDDDDDCDDDDDDDDDCDDDDDDDDDDCDDDDDDDDDDDCDDDDDDDDDDDDCDDDDDDDDDDDDDCDDDDDDDDDDDDDDCDDDDDDDDDDDDDDDCDDDDDDDDDDDDDDDDCDDDDDDDDDDDDDDDDDCDDDDDDDDDDDDD,244,0,186,1.3118279569892473,0.0,0,"[0, 0, 1]",True,20,2,18,18,148,2,0,0,18,1,17,16,131,1
61,11,4,0,First by Joss: 0.9,First by Shubik,CCDCDCDDCDDDCDDDDCDDDDDCDDDDDDCDDDDDDDCDDDDDDDDCDDDDDDDDDCDDDDDDDDDDCDDDDDDDDDDDCDDDDDDDDDDDDCDDDDDDDDDDDDDCDDDDDDDDDDDDDDCDDDDDDDDDDDDDDDCDDDDDDDDDDDDDDDDCDDDDDDDDDDDDDDDDDCDDDDDDDDDDDD,244,0,186,1.3118279569892473,0.0,0,"[0, 0, 1]",True,20,2,18,18,148,1,1,0,18,18,0,0,147,1
62,4,12,0,First by Shubik,First by Tullock,CCCCCCCCCCCCCCCCCCCCCCCCCCCCCCCCCCCCCDCCCCCCCCCDDCCCDDDCCDDDDCDDDDDCDDDDDDCDDDDDDDCDDDDDDDDCDDDDDDDDDCDDDDDDDDDDCDDDDDDDDDDDCDDDDDDDDDDDDCDDDDDDDDDDDDDCDDDDDDDDDDDDDDCDDDDDDDDDDDDD,279,-50,180,1.55,-0.2777777777777778,0,"[0, 1, 0]",True,62,47,15,5,113,47,0,0,15,2,3,12,100,1
62,12,4,0,First by Tullock,First by Shubik,CCCCCCCCCCCCCCCCCCCCCCCCCCCCCCCCCCCCDDCCCCCCCCDCCCCDCCCCDDDDDDDDDDDDDDDDDDDDDDDDDDDDDDDDDDDDDDDDDDDDDDDDDDDDDDDDDDDDDDDDDDDDDDDDDDDDDDDDDDDDDDDDDDDDDDDDDDDDDDDDDDDDDDDDDDDDDDDDDDDD,329,50,180,1.8277777777777777,0.2777777777777778,1,"[0, 1, 0]",True,52,47,5,15,113,43,4,5,0,2,13,1,111,0
63,4,13,0,First by Shubik,First by Anonymous,CDCCCDDCCCDDDCCCDDDDCCDDDDDCCCDDDDDDCCDDDDDDDCCDDDDDDDDCCDDDDDDDDDCCCCCCCCDDDDDDDDDDCCCDDDDDDDDDDDCCDDDDDDDDDDDDCCDDDDDDDDDDDDDCDDDDDDDDDDDDDDCCCCCDDDDDDDDDDDDDDDCDDDDDDDDDDDDDDDDC,508,280,180,2.8222222222222224,1.5555555555555556,1,"[1, 0, 0]",True,44,28,16,72,64,27,0,0,16,6,66,10,54,0
63,13,4,0,First by Anonymous,First by Shubik,DCCCDDDCCDCCDCCDCCDDCDCDCCDCCDDDDCDDCDDCCDCDDCDCCDDDCCDCDCDDDCDCCCCCCCCCCDDCDDDCCCDCCCDCCCDDCDCCDDCDCDDDCCDCCDCCCDDCDCDCDCCDDCDDDCCCCDDDDDCCCDCCCCDCDCCDCCDDDCCCCCDCDDCDCCDCCCDCDCCC,228,-280,180,1.2666666666666666,-1.5555555555555556,0,"[1, 0, 0]",False,100,28,72,16,64,14,13,37,35,10,6,39,25,1
64,4,14,0,First by Shubik,Random: 0.5,CCDCCDDCDDDCCCDDDDCDDDDDCDDDDDDCDDDDDDDCDDDDDDDDCCCDDDDDDDDDCDDDDDDDDDDCCCCCDDDDDDDDDDDCCCDDDDDDDDDDDDCDDDDDDDDDDDDDCDDDDDDDDDDDDDDCDDDDDDDDDDDDDDDCDDDDDDDDDDDDDDDDCDDDDDDDDDDDDDDDDDCDDDDDDDDDDDDDDDDDDCCCCDDDDDDDDDDDDDDD,551,305,220,2.5045454545454544,1.3863636363636365,1,"[1, 0, 0]",True,34,15,19,80,106,15,0,0,19,6,73,12,94,0
64,14,4,0,Random: 0.5,First by Shubik,CDDCDCCDDDDCCDDCDDDDDCDDDDDCDDDDCCCDCCDDDDDDCCDDCCDDCDCCDCDCDDDCCCCDDDDCCCCDDDDCCDCDCCDCCDCDCDDDDDDDDDDDCCCCCDDCCDDDDDDDCDDCCCDCCCDDDDCDDCCCCCCDDCCDCDDDDDCDDCCCDCCCDDDCCDDCDDCDDCCDCCDDDDDCDCDDCDCDCCDDCCCCDDCCDDCDDDCDDCDC,246,-305,220,1.1181818181818182,-1.3863636363636365,0,"[1, 0, 0]",True,95,15,80,19,106,8,7,36,43,4,15,46,60,1
65,5,5,0,"First by Stein and Rapoport: 0.05: (D, D)","First by Stein and Rapoport: 0.05: (D, D)",CCCCCCCCCCCCCCCCCCCCCCCCCCCCCCCCCCCCCCCCCCCCCCCCCCCCCCCCCCCCCCCCCCCCCCCCCCCCCCCCCCCCCCCCCCCCCCCCCCCCCCCCCCCCCCCCCCCCCCCCCCCCCCCCCCCCCCCCCCCCCCCCCCCCCCCCCCCCCCCCCCCCCCCCCCCCCCCCCCCCCCCCDD,554,0,186,2.978494623655914,0.0,0,"[0, 0, 1]",True,184,184,0,0,2,183,1,0,0,0,0,0,1,1
65,5,5,0,"First by Stein and Rapoport: 0.05: (D, D)","First by Stein and Rapoport: 0.05: (D, D)",CCCCCCCCCCCCCCCCCCCCCCCCCCCCCCCCCCCCCCCCCCCCCCCCCCCCCCCCCCCCCCCCCCCCCCCCCCCCCCCCCCCCCCCCCCCCCCCCCCCCCCCCCCCCCCCCCCCCCCCCCCCCCCCCCCCCCCCCCCCCCCCCCCCCCCCCCCCCCCCCCCCCCCCCCCCCCCCCCCCCCCCCDD,554,0,186,2.978494623655914,0.0,0,"[0, 0, 1]",True,184,184,0,0,2,183,1,0,0,0,0,0,1,1
66,5,6,0,"First by Stein and Rapoport: 0.05: (D, D)",Grudger,CCCCCCCCCCCCCCCCCCCCCCCCCCCCCCCCCCCCCCCCCCCCCCCCCCCCCCCCCCCCCCCCCCCCCCCCCCCCCCCCCCCCCCCCCCCCCCCCCCCCCCCCCCCCCCCCCCCCCCCCCCCCCCCCCCCCCCCCCCCCCCCCCCCCCCCCCCCCCCCCCCCCCCCCCCCCCCCCCCCCCCCCCCCCCCCCCCCCDD,594,5,198,3.0,0.025252525252525252,1,"[1, 0, 0]",True,196,196,0,1,1,195,1,0,0,0,1,0,0,0
66,6,5,0,Grudger,"First by Stein and Rapoport: 0.05: (D, D)",CCCCCCCCCCCCCCCCCCCCCCCCCCCCCCCCCCCCCCCCCCCCCCCCCCCCCCCCCCCCCCCCCCCCCCCCCCCCCCCCCCCCCCCCCCCCCCCCCCCCCCCCCCCCCCCCCCCCCCCCCCCCCCCCCCCCCCCCCCCCCCCCCCCCCCCCCCCCCCCCCCCCCCCCCCCCCCCCCCCCCCCCCCCCCCCCCCCCCD,589,-5,198,2.974747474747475,-0.025252525252525252,0,"[1, 0, 0]",True,197,196,1,0,1,196,0,0,1,0,0,0,0,1
67,5,7,0,"First by Stein and Rapoport: 0.05: (D, D)",First by Davis: 10,CCCCCCCCCCCCCCCCCCCCCCCCCCCCCCCCCCCCCCCCCCCCCCCCCCCCCCCCCCCCCCCCCCCCCCCCCCCCCCCCCCCCCCCCCCCCCCCCCCCCCCCCCCCCCCCCCCCCCCCCCCCCCCCCCCCCCCCCCCCCCCCCCCCCCCCCCCCCCCCCCCCCCCCCCCCCCCCCCCCCCCCCCCCCCCCCCCCCCCCCCCCDD,615,5,205,3.0,0.024390243902439025,1,"[1, 0, 0]",True,203,203,0,1,1,202,1,0,0,0,1,0,0,0
67,7,5,0,First by Davis: 10,"First by Stein and Rapoport: 0.05: (D, D)",CCCCCCCCCCCCCCCCCCCCCCCCCCCCCCCCCCCCCCCCCCCCCCCCCCCCCCCCCCCCCCCCCCCCCCCCCCCCCCCCCCCCCCCCCCCCCCCCCCCCCCCCCCCCCCCCCCCCCCCCCCCCCCCCCCCCCCCCCCCCCCCCCCCCCCCCCCCCCCCCCCCCCCCCCCCCCCCCCCCCCCCCCCCCCCCCCCCCCCCCCCCCD,610,-5,205,2.975609756097561,-0.024390243902439025,0,"[1, 0, 0]",True,204,203,1,0,1,203,0,0,1,0,0,0,0,1
68,5,8,0,"First by Stein and Rapoport: 0.05: (D, D)",First by Graaskamp: 0.05,CCCCCCCCCCCCCCCCCCCCCCCCCCCCCCCCCCCCCCCCCCCCCCCCCCCDCDCDCDCDCDCDCDCDCDCDCDCDCDCDCDCDCDCDCDCDCDCDCDCDCDCDCDCDCDCDCDCDCDCDCDCDCDCDCDCDCDCDCDCDCDCDCDCDCDCDCDCDCDCDCDCDCDCDCDCDCDCDCDCDCDCDCDCDCDCDCDCDDD,521,5,198,2.6313131313131315,0.025252525252525252,1,"[1, 0, 0]",True,123,50,73,74,1,50,0,0,73,72,1,0,1,0
68,8,5,0,First by Graaskamp: 0.05,"First by Stein and Rapoport: 0.05: (D, D)",CCCCCCCCCCCCCCCCCCCCCCCCCCCCCCCCCCCCCCCCCCCCCCCCCCDCDCDCDCDCDCDCDCDCDCDCDCDCDCDCDCDCDCDCDCDCDCDCDCDCDCDCDCDCDCDCDCDCDCDCDCDCDCDCDCDCDCDCDCDCDCDCDCDCDCDCDCDCDCDCDCDCDCDCDCDCDCDCDCDCDCDCDCDCDCDCDCDCDC,516,-5,198,2.606060606060606,-0.025252525252525252,0,"[1, 0, 0]",True,124,50,74,73,1,49,1,0,73,73,0,1,0,1
69,5,9,0,"First by Stein and Rapoport: 0.05: (D, D)",First by Downing,CCCCDDCDCDCCCCDDDDDDDDDDDDDDDDDDDDDDDDDDDDDDDDDDDDDDDDDDDDDDCDCCCCCCCCCCCCDDDDDDDDDDDDDDDDDDDDDDDDDDDDDDDDDDDDDDDDDDDDDDDDDDDDDDDDDDDDDDDDDDDDDDDDDDDDDCDCCCCCCCCCCCDDDDDDDDDDDDDDDDDDDDDDDDDDDDDDDDDDDDDDDDDDDD,513,285,208,2.4663461538461537,1.3701923076923077,1,"[1, 0, 0]",True,35,28,7,64,109,25,3,2,5,7,57,0,108,0
69,9,5,0,First by Downing,"First by Stein and Rapoport: 0.05: (D, D)",DDCDDCDCDCCCCCCCDCDCDDCDDCDDCDDCDDDDCDDDDCDDDDDDDCDDDDDDDDDCDCCCCCCCCCCCCCCCCCCCCCCCCCCCCCCCCDDCDDDDDCDDDDDDDCDDDDDDDDDCDDDDDDDDDDDDDCDDDDDDDDDDDDDDDDCDCCCCCCCCCCCCCCCCCCCCCCCCCCCCCCCCCDDDDDDDDDDDDCDDDDDDDDDD,228,-285,208,1.0961538461538463,-1.3701923076923077,0,"[1, 0, 0]",False,92,28,64,7,109,27,1,42,22,5,2,18,90,1
70,5,10,0,"First by Stein and Rapoport: 0.05: (D, D)","First by Feld: 1.0, 0.5, 200",CCCCCCCCCCCCCCCCCCCDCDCDCDCDCDDDDDDDDDDDDDDDDDDDDDDDDDDDDDDDDDDDDDDDDDDDDDDDDDDDDDDDDDDDDDDDDDDDDDDDDDDDDDDDDDDDDDDDDDDDDDDDDDDDDDDDDDDDDDDDDDDDDDDDDDDDDDDDDDDDDDDDDDDDDDDDDDDDDDDDDDDDDDDDDDDDDDDDDDDDDDDDD,255,-5,205,1.2439024390243902,-0.024390243902439025,0,"[0, 1, 0]",True,24,18,6,5,176,18,0,0,6,5,0,0,175,1
70,10,5,0,"First by Feld: 1.0, 0.5, 200","First by Stein and Rapoport: 0.05: (D, D)",CCCCCCCCCCCCCCCCCCDCDCDCDCDCDDDDDDDDDDDDDDDDDDDDDDDDDDDDDDDDDDDDDDDDDDDDDDDDDDDDDDDDDDDDDDDDDDDDDDDDDDDDDDDDDDDDDDDDDDDDDDDDDDDDDDDDDDDDDDDDDDDDDDDDDDDDDDDDDDDDDDDDDDDDDDDDDDDDDDDDDDDDDDDDDDDDDDDDDDDDDDDDD,260,5,205,1.2682926829268293,0.024390243902439025,1,"[0, 1, 0]",True,23,18,5,6,176,17,1,0,5,5,1,0,175,0
71,5,11,0,"First by Stein and Rapoport: 0.05: (D, D)",First by Joss: 0.9,CCCCCCCCCCDCDCDCDCDCDCDCDCDCDDDDDDDDDDDDDDDDDDDDDDDDDDDDDDDDDDDDDDDDDDDDDDDDDDDDDDDDDDDDDDDDDDDDDDDDDDDDDDDDDDDDDDDDDDDDDDDDDDDDDDDDDDDDDDDDDDDDDDDDDDDDDDDDDDDDDDDDDDDDDDDDDDDDDDDDDDDDDDDDDDDDDDDDDDDDDDDD,252,0,204,1.2352941176470589,0.0,0,"[0, 0, 1]",True,19,9,10,10,175,9,0,0,10,9,1,0,174,1
71,11,5,0,First by Joss: 0.9,"First by Stein and Rapoport: 0.05: (D, D)",CCCCCCCCCDCDCDCDCDCDCDCDCDCDCDDDDDDDDDDDDDDDDDDDDDDDDDDDDDDDDDDDDDDDDDDDDDDDDDDDDDDDDDDDDDDDDDDDDDDDDDDDDDDDDDDDDDDDDDDDDDDDDDDDDDDDDDDDDDDDDDDDDDDDDDDDDDDDDDDDDDDDDDDDDDDDDDDDDDDDDDDDDDDDDDDDDDDDDDDDDDDD,252,0,204,1.2352941176470589,0.0,0,"[0, 0, 1]",True,19,9,10,10,175,8,1,0,10,10,0,0,174,1
72,5,12,0,"First by Stein and Rapoport: 0.05: (D, D)",First by Tullock,CCCCCCCCCCCCCCCCCCCCCCCCCCCCCCCCCDCCDDCDCCDDCDCDCDCDCDCDDCCCDCDDDCDDDDDDDDDDDDDDDDDDDDDDDDDDDDDDDDDDDDDDDDDDDDDDDDDDDDDDDDDDDDDDDDDDDDDDDDDDDDDDDDDDDDDDDDDDDDDDDDDDDDDDDDDDDDDDDDDDDDDDDDDDDDDDD,300,-5,193,1.5544041450777202,-0.025906735751295335,0,"[0, 1, 0]",True,49,36,13,12,132,36,0,0,13,12,0,0,131,1
72,12,5,0,First by Tullock,"First by Stein and Rapoport: 0.05: (D, D)",CCCCCCCCCCCCCCCCCCCCCCCCCCCCCCCCDCCDDCDCCDDCDCDCDCDCDCDDCCCDCDDDCDDDDDDDDDDDDDDDDDDDDDDDDDDDDDDDDDDDDDDDDDDDDDDDDDDDDDDDDDDDDDDDDDDDDDDDDDDDDDDDDDDDDDDDDDDDDDDDDDDDDDDDDDDDDDDDDDDDDDDDDDDDDDDDD,305,5,193,1.5803108808290156,0.025906735751295335,1,"[0, 1, 0]",True,48,36,12,13,132,32,4,3,9,8,5,4,127,0
73,5,13,0,"First by Stein and Rapoport: 0.05: (D, D)",First by Anonymous,CCCCDCDDCCCDDCDDDDDDDDDDDDDDDDDDDDDDDDDDDDDDDDDDDDDDDDDDDDDDDDDDDDDDDDDDDDDDDDDDDDDDDDDDDDDDDDDDDDDDDDDDDDDDDDDDDDDDDDDDDDDDDDDDDDDDDDDDDDDDDDDDDDDDDDDDDDDDDDDDDDDDDDDDDDDDDDDDDDDDDDDDDDDDDDDDDDDDDDDDDDDDDD,567,420,206,2.7524271844660193,2.0388349514563107,1,"[1, 0, 0]",True,9,2,7,91,106,2,0,3,4,3,87,0,106,0
73,13,5,0,First by Anonymous,"First by Stein and Rapoport: 0.05: (D, D)",DDDDCDDCCCDDCDCCDDCCDCCDDDDDDDDCDCCCDDCCCDDDCCDCCCDCDCCCCDCCCCDDDDDCDDDDCCDCDCDDDDDDCCDDDDCCDCCCDDDDCDDCDDCDDDDCCCCDCCCCDDDDDCCCCCCDDDDCDCCCCDDDCDDDCCCDDCDCCDCCCDDCDDDCCCCDCDCDDDCDDDDDCDCCCDDDDDCDDCDDDDCCDC,147,-420,206,0.7135922330097088,-2.0388349514563107,0,"[1, 0, 0]",False,93,2,91,7,106,1,1,47,43,2,5,43,63,1
74,5,14,0,"First by Stein and Rapoport: 0.05: (D, D)",Random: 0.5,CCCCDDDDCDDCDDDDDDDDDDDDDDDDDDDDDDDDDDDDDDDDDDDDDDDDDDDDDDDDDDDDDDDDDDDDDDDDDDDDDDDDDDDDDDDDDDDDDDDDDDDDDDDDDDDDDDDDDDDDDDDDDDDDDDDDDDDDDDDDDDDDDDDDDDDDDDDDDDDDDDDDDDDDDDDDDDDDDDDDDDDDDDDDDDDDDDDDDDDDDDDDDDDDDDDDDDDD,655,530,216,3.0324074074074074,2.4537037037037037,1,"[1, 0, 0]",True,6,3,3,109,101,3,0,0,3,2,107,0,100,0
74,14,5,0,Random: 0.5,"First by Stein and Rapoport: 0.05: (D, D)",CCCDDDDCDDCDDDCCCCCCCCDDCCCDDDDCCDDCCCCDCDDCDDDCDDCCDCCCCCDCCCCDDCCCDDDDDDCCCCDDCCDDCCCCDDDDDDCDDCCCCDCDDCCDDDCDDDDDDDCCCDCDDDCDDCCCDDDDDDCCDCDDCDCCCCCDCDDDDCCCCCCDDCDCCCDCCCDCCCCCCCDCDDCDCDCDDCCCCDDDDCCCDDCDDCDDCCCD,125,-530,216,0.5787037037037037,-2.4537037037037037,0,"[1, 0, 0]",True,112,3,109,3,101,2,1,65,44,0,3,44,56,1
75,6,6,0,Grudger,Grudger,CCCCCCCCCCCCCCCCCCCCCCCCCCCCCCCCCCCCCCCCCCCCCCCCCCCCCCCCCCCCCCCCCCCCCCCCCCCCCCCCCCCCCCCCCCCCCCCCCCCCCCCCCCCCCCCCCCCCCCCCCCCCCCCCCCCCCCCCCCCCCCCCCCCCCCCCCCCCCCCCCCCCCCCCCCCCCCCCCCCCCCCC,552,0,184,3.0,0.0,0,"[0, 0, 1]",True,184,184,0,0,0,183,0,0,0,0,0,0,0,1
75,6,6,0,Grudger,Grudger,CCCCCCCCCCCCCCCCCCCCCCCCCCCCCCCCCCCCCCCCCCCCCCCCCCCCCCCCCCCCCCCCCCCCCCCCCCCCCCCCCCCCCCCCCCCCCCCCCCCCCCCCCCCCCCCCCCCCCCCCCCCCCCCCCCCCCCCCCCCCCCCCCCCCCCCCCCCCCCCCCCCCCCCCCCCCCCCCCCCCCCCC,552,0,184,3.0,0.0,0,"[0, 0, 1]",True,184,184,0,0,0,183,0,0,0,0,0,0,0,1
76,6,7,0,Grudger,First by Davis: 10,CCCCCCCCCCCCCCCCCCCCCCCCCCCCCCCCCCCCCCCCCCCCCCCCCCCCCCCCCCCCCCCCCCCCCCCCCCCCCCCCCCCCCCCCCCCCCCCCCCCCCCCCCCCCCCCCCCCCCCCCCCCCCCCCCCCCCCCCCCCCCCCCCCCCCCCCCCCCCCCCCCCCCCCCCCCCCCCCCCCC,540,0,180,3.0,0.0,0,"[0, 0, 1]",True,180,180,0,0,0,179,0,0,0,0,0,0,0,1
76,7,6,0,First by Davis: 10,Grudger,CCCCCCCCCCCCCCCCCCCCCCCCCCCCCCCCCCCCCCCCCCCCCCCCCCCCCCCCCCCCCCCCCCCCCCCCCCCCCCCCCCCCCCCCCCCCCCCCCCCCCCCCCCCCCCCCCCCCCCCCCCCCCCCCCCCCCCCCCCCCCCCCCCCCCCCCCCCCCCCCCCCCCCCCCCCCCCCCCCCC,540,0,180,3.0,0.0,0,"[0, 0, 1]",True,180,180,0,0,0,179,0,0,0,0,0,0,0,1
77,6,8,0,Grudger,First by Graaskamp: 0.05,CCCCCCCCCCCCCCCCCCCCCCCCCCCCCCCCCCCCCCCCCCCCCCCCCCCDDDDDDDDDDDDDDDDDDDDDDDDDDDDDDDDDDDDDDDDDDDDDDDDDDDDDDDDDDDDDDDDDDDDDDDDDDDDDDDDDDDDDDDDDDDDDDDDDDDDDDDDDDDDDDDDDDDDDDDDDDDDDDDDDDDDDDDDDDDDDDDDDDDDDDDDDDD,417,135,206,2.0242718446601944,0.6553398058252428,1,"[1, 0, 0]",True,51,50,1,28,127,50,0,0,1,0,28,0,126,0
77,8,6,0,First by Graaskamp: 0.05,Grudger,CCCCCCCCCCCCCCCCCCCCCCCCCCCCCCCCCCCCCCCCCCCCCCCCCCDCDDDDCCCCCCCCCCCCCDCCCCCCCCDCCCCCCDDDDDDDDDDDDDDDDDDDDDDDDDDDDDDDDDDDDDDDDDDDDDDDDDDDDDDDDDDDDDDDDDDDDDDDDDDDDDDDDDDDDDDDDDDDDDDDDDDDDDDDDDDDDDDDDDDDDDDDDD,282,-135,206,1.3689320388349515,-0.6553398058252428,0,"[1, 0, 0]",True,78,50,28,1,127,49,1,24,4,1,0,3,123,1
78,6,9,0,Grudger,First by Downing,CDDDDDDDDDDDDDDDDDDDDDDDDDDDDDDDDDDDDDDDDDDDDDDDDDDDDDDDDDDDDDDDDDDDDDDDDDDDDDDDDDDDDDDDDDDDDDDDDDDDDDDDDDDDDDDDDDDDDDDDDDDDDDDDDDDDDDDDDDDDDDDDDDDDDDDDDDDDDDDDDDDDDDDDDDDDDDDDDDDDDDDDDDDDDDDDDD,205,10,194,1.056701030927835,0.05154639175257732,1,"[1, 0, 0]",True,1,0,1,3,190,0,0,0,1,0,3,0,189,0
78,9,6,0,First by Downing,Grudger,DDCCDCDDDDDDDDDDDDDDDDDDDDDDDDDDDDDDDDDDDDDDDDDDDDDDDDDDDDDDDDDDDDDDDDDDDDDDDDDDDDDDDDDDDDDDDDDDDDDDDDDDDDDDDDDDDDDDDDDDDDDDDDDDDDDDDDDDDDDDDDDDDDDDDDDDDDDDDDDDDDDDDDDDDDDDDDDDDDDDDDDDDDDDDDDDDD,195,-10,194,1.0051546391752577,-0.05154639175257732,0,"[1, 0, 0]",False,3,0,3,1,190,0,0,1,2,0,1,2,187,1
79,6,10,0,Grudger,"First by Feld: 1.0, 0.5, 200",CCCCCCCCCCCCCCCCCCCCCCCCCCCCDDDDDDDDDDDDDDDDDDDDDDDDDDDDDDDDDDDDDDDDDDDDDDDDDDDDDDDDDDDDDDDDDDDDDDDDDDDDDDDDDDDDDDDDDDDDDDDDDDDDDDDDDDDDDDDDDDDDDDDDDDDDDDDDDDDDDDDDDDDDDDDDDDDDDDDDDDDDDDDDDDDDDDDDDDDDDDDDDDDDDDDDDDDDDDDD,277,0,220,1.259090909090909,0.0,0,"[0, 0, 1]",True,28,27,1,1,191,27,0,0,1,0,1,0,190,1
79,10,6,0,"First by Feld: 1.0, 0.5, 200",Grudger,CCCCCCCCCCCCCCCCCCCCCCCCCCCDCDDDDDDDDDDDDDDDDDDDDDDDDDDDDDDDDDDDDDDDDDDDDDDDDDDDDDDDDDDDDDDDDDDDDDDDDDDDDDDDDDDDDDDDDDDDDDDDDDDDDDDDDDDDDDDDDDDDDDDDDDDDDDDDDDDDDDDDDDDDDDDDDDDDDDDDDDDDDDDDDDDDDDDDDDDDDDDDDDDDDDDDDDDDDDDD,277,0,220,1.259090909090909,0.0,0,"[0, 0, 1]",True,28,27,1,1,191,26,1,0,1,1,0,0,190,1
80,6,11,0,Grudger,First by Joss: 0.9,CCCCCCCDDDDDDDDDDDDDDDDDDDDDDDDDDDDDDDDDDDDDDDDDDDDDDDDDDDDDDDDDDDDDDDDDDDDDDDDDDDDDDDDDDDDDDDDDDDDDDDDDDDDDDDDDDDDDDDDDDDDDDDDDDDDDDDDDDDDDDDDDDDDDDDDDDDDDDDDDDDDDDDDDDDDDDDDDDDDDDDDDDDDDDDDDDDDDDDDDDDDDDD,221,0,206,1.0728155339805825,0.0,0,"[0, 0, 1]",True,7,6,1,1,198,6,0,0,1,0,1,0,197,1
80,11,6,0,First by Joss: 0.9,Grudger,CCCCCCDCDDDDDDDDDDDDDDDDDDDDDDDDDDDDDDDDDDDDDDDDDDDDDDDDDDDDDDDDDDDDDDDDDDDDDDDDDDDDDDDDDDDDDDDDDDDDDDDDDDDDDDDDDDDDDDDDDDDDDDDDDDDDDDDDDDDDDDDDDDDDDDDDDDDDDDDDDDDDDDDDDDDDDDDDDDDDDDDDDDDDDDDDDDDDDDDDDDDDDD,221,0,206,1.0728155339805825,0.0,0,"[0, 0, 1]",True,7,6,1,1,198,5,1,0,1,1,0,0,197,1
81,6,12,0,Grudger,First by Tullock,CCCCCCCCCCCCCCCCCCCCDDDDDDDDDDDDDDDDDDDDDDDDDDDDDDDDDDDDDDDDDDDDDDDDDDDDDDDDDDDDDDDDDDDDDDDDDDDDDDDDDDDDDDDDDDDDDDDDDDDDDDDDDDDDDDDDDDDDDDDDDDDDDDDDDDDDDDDDDDDDDDDDDDDDDDDDDDDDDDDDDDDDDDDDDDDDDDD,240,5,195,1.2307692307692308,0.02564102564102564,1,"[1, 0, 0]",True,20,19,1,2,173,19,0,0,1,0,2,0,172,0
81,12,6,0,First by Tullock,Grudger,CCCCCCCCCCCCCCCCCCCDDCDDDDCDDDDDDDDDDDDDDDDDDDDDDDDDDDDDDDDDDDDDDDDDDDDDDDDDDDDDDDDDDDDDDDDDDDDDDDDDDDDDDDDDDDDDDDDDDDDDDDDDDDDDDDDDDDDDDDDDDDDDDDDDDDDDDDDDDDDDDDDDDDDDDDDDDDDDDDDDDDDDDDDDDDDDDDD,235,-5,195,1.205128205128205,-0.02564102564102564,0,"[1, 0, 0]",True,21,19,2,1,173,18,1,0,2,0,1,2,170,1
82,6,13,0,Grudger,First by Anonymous,CCCDDDDDDDDDDDDDDDDDDDDDDDDDDDDDDDDDDDDDDDDDDDDDDDDDDDDDDDDDDDDDDDDDDDDDDDDDDDDDDDDDDDDDDDDDDDDDDDDDDDDDDDDDDDDDDDDDDDDDDDDDDDDDDDDDDDDDDDDDDDDDDDDDDDDDDDDDDDDDDDDDDDDDDDDDDDDDDDDDDD,589,500,182,3.2362637362637363,2.7472527472527473,1,"[1, 0, 0]",True,3,2,1,101,78,2,0,0,1,0,100,0,78,0
82,13,6,0,First by Anonymous,Grudger,CCDCDDCCCCDCCCCCDDCCDDCDDDCCCDCCDCDCCDDCDDDDCDDDDCDDCCCCCDDCDDCDCCCCDCCDDCDCCDCDCDCCCDCCDDCDDCDCCCDDDDCCDCCCCDDCCDDCDCDCCCDCDCCCDCCDCCCDCCCDDCDDCDCCCDCCDCCCDDCCCCCDDDCCCDCDDDCCDDCCDC,89,-500,182,0.489010989010989,-2.7472527472527473,0,"[1, 0, 0]",True,103,2,101,1,78,1,1,53,47,1,0,47,31,1
83,6,14,0,Grudger,Random: 0.5,CDDDDDDDDDDDDDDDDDDDDDDDDDDDDDDDDDDDDDDDDDDDDDDDDDDDDDDDDDDDDDDDDDDDDDDDDDDDDDDDDDDDDDDDDDDDDDDDDDDDDDDDDDDDDDDDDDDDDDDDDDDDDDDDDDDDDDDDDDDDDDDDDDDDDDDDDDDDDDDDDDDDDDDDDDDDDDDDDDDDDDDDDDDDDDDDDDDDDDDDDDDDDDDDDDDDDD,625,510,214,2.9205607476635516,2.383177570093458,1,"[1, 0, 0]",True,1,0,1,103,110,0,0,0,1,0,102,0,110,0
83,14,6,0,Random: 0.5,Grudger,DCCCDCDCCCDCDDDDCCDCCDDCCCDCCCDDDCCDDCDDCDDDCCDCDDCDDCDDCCDDDDCDDCDCDDCCDDDCDDDDDCDDDCDDCCDDCCDDCCDDCCCDCCDCCDCDDDDDDDDCCDDDCDCDDCDCDDDCCCDCDCCDDCCCCCDDCCCCCDCCCDCDDCDDDCDDCDDCCCCCCDCDDCDDCCDDCCDDDCCDCCCDCCDCDCCDDC,115,-510,214,0.5373831775700935,-2.383177570093458,0,"[1, 0, 0]",False,103,0,103,1,110,0,0,47,55,1,0,55,55,1
84,7,7,0,First by Davis: 10,First by Davis: 10,CCCCCCCCCCCCCCCCCCCCCCCCCCCCCCCCCCCCCCCCCCCCCCCCCCCCCCCCCCCCCCCCCCCCCCCCCCCCCCCCCCCCCCCCCCCCCCCCCCCCCCCCCCCCCCCCCCCCCCCCCCCCCCCCCCCCCCCCCCCCCCCCCCCCCCCCCCCCCCCCCCCCCCCCCCCCCCCCCCCCCCCCCCCCCCCCCCCCCCCCCCCCCCCC,624,0,208,3.0,0.0,0,"[0, 0, 1]",True,208,208,0,0,0,207,0,0,0,0,0,0,0,1
84,7,7,0,First by Davis: 10,First by Davis: 10,CCCCCCCCCCCCCCCCCCCCCCCCCCCCCCCCCCCCCCCCCCCCCCCCCCCCCCCCCCCCCCCCCCCCCCCCCCCCCCCCCCCCCCCCCCCCCCCCCCCCCCCCCCCCCCCCCCCCCCCCCCCCCCCCCCCCCCCCCCCCCCCCCCCCCCCCCCCCCCCCCCCCCCCCCCCCCCCCCCCCCCCCCCCCCCCCCCCCCCCCCCCCCCCC,624,0,208,3.0,0.0,0,"[0, 0, 1]",True,208,208,0,0,0,207,0,0,0,0,0,0,0,1
85,7,8,0,First by Davis: 10,First by Graaskamp: 0.05,CCCCCCCCCCCCCCCCCCCCCCCCCCCCCCCCCCCCCCCCCCCCCCCCCCCDDDDDDDDDDDDDDDDDDDDDDDDDDDDDDDDDDDDDDDDDDDDDDDDDDDDDDDDDDDDDDDDDDDDDDDDDDDDDDDDDDDDDDDDDDDDDDDDDDDDDDDDDDDDDDDDDDDDDDDDDDDDDDDDDDD,393,135,182,2.159340659340659,0.7417582417582418,1,"[1, 0, 0]",True,51,50,1,28,103,50,0,0,1,0,28,0,102,0
85,8,7,0,First by Graaskamp: 0.05,First by Davis: 10,CCCCCCCCCCCCCCCCCCCCCCCCCCCCCCCCCCCCCCCCCCCCCCCCCCDCDDDDCCCCCCCCCCCCDCCCCCCCCCCCCCDCCDDDDDDDDDDDDDDDDDDDDDDDDDDDDDDDDDDDDDDDDDDDDDDDDDDDDDDDDDDDDDDDDDDDDDDDDDDDDDDDDDDDDDDDDDDDDDDDDD,258,-135,182,1.4175824175824177,-0.7417582417582418,0,"[1, 0, 0]",True,78,50,28,1,103,49,1,24,4,1,0,3,99,1
86,7,9,0,First by Davis: 10,First by Downing,CCCCCCCCCCDDDDDDDDDDDDDDDDDDDDDDDDDDDDDDDDDDDDDDDDDDDDDDDDDDDDDDDDDDDDDDDDDDDDDDDDDDDDDDDDDDDDDDDDDDDDDDDDDDDDDDDDDDDDDDDDDDDDDDDDDDDDDDDDDDDDDDDDDDDDDDDDDDDDDDDDDDDDDDDDDDDDDDDDDDDDDDDDDDDDDDDDDDDDDDDDDDDDDDDDDD,221,-25,212,1.0424528301886793,-0.1179245283018868,0,"[0, 1, 0]",True,10,1,9,4,198,1,0,8,1,0,4,0,197,1
86,9,7,0,First by Downing,First by Davis: 10,DDCDDDDDDDDDDDDDDCDDDDDDDDDDDDDDDDCDDDDDDDDDDDDDDDDDDDDDDDDDDDDDDDDCDDDDDDDDDDDDDDDDDDDDDDDDDDDDDDDDDDDDDDDDDDDDDDDDDDDDDDDDDDDDDDDDDDDDDDDDDDDDDDDDDDDDDDDDDDDDDDDDCDDDDDDDDDDDDDDDDDDDDDDDDDDDDDDDDDDDDDDDDDDDDDDD,246,25,212,1.1603773584905661,0.1179245283018868,1,"[0, 1, 0]",False,5,1,4,9,198,0,1,0,4,1,8,4,193,0
87,7,10,0,First by Davis: 10,"First by Feld: 1.0, 0.5, 200",CCCCCCCCCCCCCCCCCCCCCCCCCCCCDDDDDDDDDDDDDDDDDDDDDDDDDDDDDDDDDDDDDDDDDDDDDDDDDDDDDDDDDDDDDDDDDDDDDDDDDDDDDDDDDDDDDDDDDDDDDDDDDDDDDDDDDDDDDDDDDDDDDDDDDDDDDDDDDDDDDDDDDDDDDDDDDDDDDDDDDDDDDDDDDDDDDDDDDDDDDDDDDDDDDDDDDD,271,0,214,1.266355140186916,0.0,0,"[0, 0, 1]",True,28,27,1,1,185,27,0,0,1,0,1,0,184,1
87,10,7,0,"First by Feld: 1.0, 0.5, 200",First by Davis: 10,CCCCCCCCCCCCCCCCCCCCCCCCCCCDCDDDDDDDDDDDDDDDDDDDDDDDDDDDDDDDDDDDDDDDDDDDDDDDDDDDDDDDDDDDDDDDDDDDDDDDDDDDDDDDDDDDDDDDDDDDDDDDDDDDDDDDDDDDDDDDDDDDDDDDDDDDDDDDDDDDDDDDDDDDDDDDDDDDDDDDDDDDDDDDDDDDDDDDDDDDDDDDDDDDDDDDDD,271,0,214,1.266355140186916,0.0,0,"[0, 0, 1]",True,28,27,1,1,185,26,1,0,1,1,0,0,184,1
88,7,11,0,First by Davis: 10,First by Joss: 0.9,CCCCCCCCCCDDDDDDDDDDDDDDDDDDDDDDDDDDDDDDDDDDDDDDDDDDDDDDDDDDDDDDDDDDDDDDDDDDDDDDDDDDDDDDDDDDDDDDDDDDDDDDDDDDDDDDDDDDDDDDDDDDDDDDDDDDDDDDDDDDDDDDDDDDDDDDDDDDDDDDDDDDDDDDDDDDDDDDDDDDDDDDDDDDDD,208,-5,190,1.0947368421052632,-0.02631578947368421,0,"[0, 1, 0]",True,10,8,2,1,179,7,1,2,0,0,1,0,178,1
88,11,7,0,First by Joss: 0.9,First by Davis: 10,CCCCDCCCDCCDDDDDDDDDDDDDDDDDDDDDDDDDDDDDDDDDDDDDDDDDDDDDDDDDDDDDDDDDDDDDDDDDDDDDDDDDDDDDDDDDDDDDDDDDDDDDDDDDDDDDDDDDDDDDDDDDDDDDDDDDDDDDDDDDDDDDDDDDDDDDDDDDDDDDDDDDDDDDDDDDDDDDDDDDDDDDDDDDDD,213,5,190,1.1210526315789473,0.02631578947368421,1,"[0, 1, 0]",True,9,8,1,2,179,6,2,0,1,2,0,0,178,0
89,7,12,0,First by Davis: 10,First by Tullock,CCCCCCCCCCCCCCCCCCCCCCDDDDDDDDDDDDDDDDDDDDDDDDDDDDDDDDDDDDDDDDDDDDDDDDDDDDDDDDDDDDDDDDDDDDDDDDDDDDDDDDDDDDDDDDDDDDDDDDDDDDDDDDDDDDDDDDDDDDDDDDDDDDDDDDDDDDDDDDDDDDDDDDDDDDDDDDDDDDDDDDDDDDDDDDDD,257,25,192,1.3385416666666667,0.13020833333333334,1,"[1, 0, 0]",True,22,21,1,6,164,21,0,0,1,0,6,0,163,0
89,12,7,0,First by Tullock,First by Davis: 10,CCCCCCCCCCCCCCCCCCCCCDCCCCCCDDDDDDDDDDDDDDDDDDDDDDDDDDDDDDDDDDDDDDDDDDDDDDDDDDDDDDDDDDDDDDDDDDDDDDDDDDDDDDDDDDDDDDDDDDDDDDDDDDDDDDDDDDDDDDDDDDDDDDDDDDDDDDDDDDDDDDDDDDDDDDDDDDDDDDDDDDDDDDDDDDDD,232,-25,192,1.2083333333333333,-0.13020833333333334,0,"[1, 0, 0]",True,27,21,6,1,164,20,1,5,1,1,0,0,163,1
90,7,13,0,First by Davis: 10,First by Anonymous,CCCCCCCCCCDDDDDDDDDDDDDDDDDDDDDDDDDDDDDDDDDDDDDDDDDDDDDDDDDDDDDDDDDDDDDDDDDDDDDDDDDDDDDDDDDDDDDDDDDDDDDDDDDDDDDDDDDDDDDDDDDDDDDDDDDDDDDDDDDDDDDDDDDDDDDDDDDDDDDDDDDDDDDDDDDDDDDDDDDDDDD,512,380,183,2.797814207650273,2.0765027322404372,1,"[1, 0, 0]",True,10,5,5,81,92,5,0,4,1,0,81,0,91,0
90,13,7,0,First by Anonymous,First by Davis: 10,DCDCDCCCDDCCCCDDCCCCDCCCDDDDDDCCCDCDCCDDCDCDCDCDDCCDDDDCDDDCCCDCDDDDDCDDDCCDCCDCDCDCDCDCCDCCCDCDDCDCCCDCCDDCCDDDDCDDCDCDDDCCDCDDDCDCDDCDDDDCCCDCDDDCDDDCCCCDCDDCCDDDCCDDDCDDCDCDDDCCCCD,132,-380,183,0.7213114754098361,-2.0765027322404372,0,"[1, 0, 0]",False,86,5,81,5,92,2,3,34,47,4,1,46,45,1
91,7,14,0,First by Davis: 10,Random: 0.5,CCCCCCCCCCDDDDDDDDDDDDDDDDDDDDDDDDDDDDDDDDDDDDDDDDDDDDDDDDDDDDDDDDDDDDDDDDDDDDDDDDDDDDDDDDDDDDDDDDDDDDDDDDDDDDDDDDDDDDDDDDDDDDDDDDDDDDDDDDDDDDDDDDDDDDDDDDDDDDDDDDDDDDDDDDDDDDDDDDDDDDDDDDDD,526,390,188,2.797872340425532,2.074468085106383,1,"[1, 0, 0]",True,10,4,6,84,94,3,1,6,0,0,83,0,94,0
91,14,7,0,Random: 0.5,First by Davis: 10,DDDDCDDCCCDCCCDDDDCDDDCCDDDCCCCDCCDDDDCCCDCDDCDCDDDCDDDCCDDCCDCDCCDDDDCDDCDDCDDDCDDCCCDDDDCDCDDDCCDDCCCDDCCDCDDDDDDCDDDDCCCDCCDCDCCCDDCCCDCCDCDCCDCCCCDCDDDDDCDCCCCCCCDDDCDCDCCCDDDCDCDDCCDC,136,-390,188,0.723404255319149,-2.074468085106383,0,"[1, 0, 0]",False,88,4,84,6,94,2,2,39,44,2,4,45,49,1
92,8,8,0,First by Graaskamp: 0.05,First by Graaskamp: 0.05,CCCCCCCCCCCCCCCCCCCCCCCCCCCCCCCCCCCCCCCCCCCCCCCCCCDDDDDDDDDDDDDDDDDDDDDDDDDDDDDDDDDDDDDDDDDDDDDDDDDDDDDDDDDDDDDDDDDDDDDDDDDDDDDDDDDDDDDDDDDDDDDDDDDDDDDDDDDDDDDDDDDDDDDDDDDDDDDDDDDDDDDDDDDDD,289,0,189,1.529100529100529,0.0,0,"[0, 0, 1]",True,50,50,0,0,139,49,1,0,0,0,0,0,138,1
92,8,8,0,First by Graaskamp: 0.05,First by Graaskamp: 0.05,CCCCCCCCCCCCCCCCCCCCCCCCCCCCCCCCCCCCCCCCCCCCCCCCCCDDDDDDDDDDDDDDDDDDDDDDDDDDDDDDDDDDDDDDDDDDDDDDDDDDDDDDDDDDDDDDDDDDDDDDDDDDDDDDDDDDDDDDDDDDDDDDDDDDDDDDDDDDDDDDDDDDDDDDDDDDDDDDDDDDDDDDDDDDD,289,0,189,1.529100529100529,0.0,0,"[0, 0, 1]",True,50,50,0,0,139,49,1,0,0,0,0,0,138,1
93,8,9,0,First by Graaskamp: 0.05,First by Downing,CDDCCCCCCCCCCCCCCCCCCCCCCCCCCCCCCCCCCCCCCCCCCCCCCCDCCCCCCCCCCCCDCCCCDCCCCCDCCCCCCCCCDCCCCCCCCCCCCDCCCCDCCCCCCCCCDCCCCCCCDCCCCCCDCCCCCCDCCCCCCCCDCCCCCCDCCCCCCDCCCCDCCCCCCDCCCCCCDCCCCCCCCDCCCCCCCCCC,621,90,196,3.1683673469387754,0.45918367346938777,1,"[1, 0, 0]",True,176,175,1,19,1,156,18,0,1,19,0,0,1,0
93,9,8,0,First by Downing,First by Graaskamp: 0.05,DDCCCCCCCCCCCCCCCCCCCCCCCCCCCCCCCCCCCCCCCCCCCCCCCCCCCCCCCCCCCCCCCCCCCCCCCCCCCCCCCCCCCCCCCCCCCCCCCCCCCCCCCCCCCCCCCCCCCCCCCCCCCCCCCCCCCCCCCCCCCCCCCCCCCCCCCCCCCCCCCCCCCCCCCCCCCCCCCCCCCCCCCCCCCCCCCCCC,531,-90,196,2.7091836734693877,-0.45918367346938777,0,"[1, 0, 0]",False,194,175,19,1,1,174,0,19,0,0,1,1,0,1
94,8,10,0,First by Graaskamp: 0.05,"First by Feld: 1.0, 0.5, 200",CCCCCCCCCCCCCCDCDCDCDCDCDCDCDCDCDCDCDCDCDCDCDDDDDDDDDDDDDDDDDDDDDDDDDDDDDDDDDDDDDDDDDDDDDDDDDDDDDDDDDDDDDDDDDDDDDDDDDDDDDDDDDDDDDDDDDDDDDDDDDDDDDDDDDDDDDDDDDDDDDDDDDDDDDDDDDDDDDDDDDDDDDDDDDDDDDDD,265,-5,195,1.358974358974359,-0.02564102564102564,0,"[0, 1, 0]",True,29,13,16,15,151,13,0,0,16,15,0,0,150,1
94,10,8,0,"First by Feld: 1.0, 0.5, 200",First by Graaskamp: 0.05,CCCCCCCCCCCCCDCDCDCDCDCDCDCDCDCDCDCDCDCDCDCDDDDDDDDDDDDDDDDDDDDDDDDDDDDDDDDDDDDDDDDDDDDDDDDDDDDDDDDDDDDDDDDDDDDDDDDDDDDDDDDDDDDDDDDDDDDDDDDDDDDDDDDDDDDDDDDDDDDDDDDDDDDDDDDDDDDDDDDDDDDDDDDDDDDDDDD,270,5,195,1.3846153846153846,0.02564102564102564,1,"[0, 1, 0]",True,28,13,15,16,151,12,1,0,15,15,1,0,150,0
95,8,11,0,First by Graaskamp: 0.05,First by Joss: 0.9,CCCCCCDCDCDCDDDDDDDDDDDDDDDDDDDDDDDDDDDDDDDDDDDDDDDDDDDDCCCCCCCCCCCDCCCCCCCCDCCCCDCCCCCCCCDCCCDDDDDDDDDDDDDDDDDDDDDDDDDDDDDDDDDDDDDDDDDDDDDDDDDDDDDDDDDDDDDDDDDDDDDDDDDDDDDDDDDDDDDDDD,264,-20,182,1.4505494505494505,-0.10989010989010989,0,"[0, 1, 0]",True,43,31,12,8,131,27,4,7,5,7,1,1,129,1
95,11,8,0,First by Joss: 0.9,First by Graaskamp: 0.05,CCCCCDCDCDCDDDDDDDDDDDDDDDDDDDDDDDDDDDDDDDDDDDDDDDDDDDDDDCCCCCCCCDCCDCCCCDCDCDCCCCDCCCCCCCCDCCCDDDDDDDDDDDDDDDDDDDDDDDDDDDDDDDDDDDDDDDDDDDDDDDDDDDDDDDDDDDDDDDDDDDDDDDDDDDDDDDDDDDDDDD,284,20,182,1.5604395604395604,0.10989010989010989,1,"[0, 1, 0]",True,39,31,8,12,131,27,4,0,8,11,1,0,130,0
96,8,12,0,First by Graaskamp: 0.05,First by Tullock,CCCCCCCCCCCCCCCCDCCCCCCDCCDCDCDCCCCCCCDCDCCDCCCCCDDDCDDDCCCCCCCCCCCCDCCCCCCDCCCCCCCCCCDCCCCCCCCCCCCCDCCCCDCCCCCCCCDCCCCCCCCCCCCCDCCCCCDCCCCCCCCCCCCDCCCCDCCCCDCCCCCCCCCCCCDCCCCCCCDCCCCCCCCCCCCCDCCCCCCCCCCCDC,539,-75,206,2.616504854368932,-0.3640776699029126,0,"[0, 1, 0]",True,177,138,39,24,5,124,13,27,12,23,1,2,3,1
96,12,8,0,First by Tullock,First by Graaskamp: 0.05,CCCCCCCCCCCCCCCDCCCCCCDCCDCDCDCCCCCCCDCDCCDCCCCCDCDCDDDCCDCCDDCCCDCCCDCCDCCCDCCCCCCCCCCCCCDCCCCCCCCCCCDCDCCDCCCDCCCCCDCCCCCCCCDDDDCCCCCDDCCDCCCCCCCCCCDCCCCCCCCDCDCDCDCCCCCCCCCCCCDCDCDCCCDCCCCCCCCDCCCDCCCCCC,614,75,206,2.9805825242718447,0.3640776699029126,1,"[0, 1, 0]",True,162,138,24,39,5,108,29,16,8,34,5,3,2,0
97,8,13,0,First by Graaskamp: 0.05,First by Anonymous,CCDDDDCCDDCDDCDCCDCCCCDDCCCDDCDDCCDCCCDCCCDCCCDCDDDCCCCDDDDDDDDDDDDDDDDDDDDDDDDDDDDDDDDDDDDDDDDDDDDDDDDDDDDDDDDDDDDDDDDDDDDDDDDDDDDDDDDDDDDDDDDDDDDDDDDDDDDDDDDDDDDDDDDDDDDDDDDDDDDDDDDDDDDDDDDDDDDDDDDDDDDDD,607,405,205,2.9609756097560975,1.975609756097561,1,"[1, 0, 0]",True,32,18,14,95,78,18,0,0,14,13,82,0,77,0
97,13,8,0,First by Anonymous,First by Graaskamp: 0.05,CDDDDCCDDCDDCDCCDCCCCDDCCCDDCDDCCDCCCDCCCDCCCDCDDCCCCCDDDDCCDDCCCCCCDDDCCDCCDDDDCCCDCCDCCCDDDCCDDDCDDCDDCCCCCDDCCDCDDDCCCCCCCCCCCDDDCCDDDDDCCCDCDDCCCCCCDCCDCCCCDDDCCCCDDDCDDCDDDDDCDCDCCDCCDCCCDCCDCDCDCDDDD,202,-405,205,0.9853658536585366,-1.975609756097561,0,"[1, 0, 0]",True,113,18,95,14,78,8,10,59,36,6,8,39,38,1
98,8,14,0,First by Graaskamp: 0.05,Random: 0.5,CDDDDCCDCCCDDCCCDCDDDCCCDCDDDDCCDCCDDDDCCDDDCCDDCDDCCCCDDDDDDDDDDDDDDDDDDDDDDDDDDDDDDDDDDDDDDDDDDDDDDDDDDDDDDDDDDDDDDDDDDDDDDDDDDDDDDDDDDDDDDDDDDDDDDDDDDDDDDDDDDDDDDDDDDDDDDDDDDDDDDDDDDDDDDDDDDDDDDDDDDDDD,571,375,204,2.799019607843137,1.838235294117647,1,"[1, 0, 0]",True,27,14,13,88,89,14,0,0,13,12,76,0,88,0
98,14,8,0,Random: 0.5,First by Graaskamp: 0.05,DDDDCCDCCCDDCCCDCDDDCCCDCDDDDCCDCCDDDDCCDDDCCDDCDCCCCCDDCCCCDDDCDDCDCDCCDCDCDDDDDCDDCCCCDCDCCDCDCDCCCCDCCDCDCCCDCCCDDCDCDDDCDCDDDCDDCDCCDDCCDDCCCDCDCCDCDCDCDDCCCCDDCCDCCDDCDCDDDDCDCCDCCCCCDCDDDDCCDDCDDDDD,196,-375,204,0.9607843137254902,-1.838235294117647,0,"[1, 0, 0]",False,102,14,88,13,89,5,9,42,46,5,8,50,38,1
99,9,9,0,First by Downing,First by Downing,DDDDDDDDDDDDDDDDDDDDDDDDDDDDDDDDDDDDDDDDDDDDDDDDDDDDDDDDDDDDDDDDDDDDDDDDDDDDDDDDDDDDDDDDDDDDDDDDDDDDDDDDDDDDDDDDDDDDDDDDDDDDDDDDDDDDDDDDDDDDDDDDDDDDDDDDDDDDDDDDDDDDDDDDDDDDDDDDDDDDDDDDDDD,187,0,187,1.0,0.0,0,"[0, 0, 1]",False,0,0,0,0,187,0,0,0,0,0,0,0,186,1
99,9,9,0,First by Downing,First by Downing,DDDDDDDDDDDDDDDDDDDDDDDDDDDDDDDDDDDDDDDDDDDDDDDDDDDDDDDDDDDDDDDDDDDDDDDDDDDDDDDDDDDDDDDDDDDDDDDDDDDDDDDDDDDDDDDDDDDDDDDDDDDDDDDDDDDDDDDDDDDDDDDDDDDDDDDDDDDDDDDDDDDDDDDDDDDDDDDDDDDDDDDDDDD,187,0,187,1.0,0.0,0,"[0, 0, 1]",False,0,0,0,0,187,0,0,0,0,0,0,0,186,1
100,9,10,0,First by Downing,"First by Feld: 1.0, 0.5, 200",DDCCCCCCCCCCCCCCCCCCCCCCCCCCCCCCCCCCCCCCCCCCCCCCCCCCCCCCCCCCCCCCCCCCCCCCCCCCCCCCCCCCCCCCCCCCCCCCCCCCCCCCCCCCCCCCCCCCCCCCCCCCCCCCCCCCCCCCCCCCCCCCCCCCCCCCCCCCCCCCCCCCCCCCCCCCCCCCCCCCCCCCC,432,-200,185,2.3351351351351353,-1.0810810810810811,0,"[0, 1, 0]",False,183,142,41,1,1,141,0,41,0,0,1,1,0,1
100,10,9,0,"First by Feld: 1.0, 0.5, 200",First by Downing,CDDCCCCCCCCCCCCCCCCCCCCDCCCCDCCCCCDCCCCCCCCCCCDCCCDCCCCCCCDCCCCCCCCCCCDDCCCCCCDCDCCCCCDDCCCCCCDCCCCCCCCCCCDCCCCCCCDCCDDCCDCCDCDCCCCDDCCDDCCCCDCDCDCCDCCCDCDCCCDCDCCCCCDDDCCDCDCDCDCDCCCCC,632,200,185,3.4162162162162164,1.0810810810810811,1,"[0, 1, 0]",True,143,142,1,41,1,108,33,0,1,34,7,0,1,0
101,9,11,0,First by Downing,First by Joss: 0.9,DDCCCCCCCCCCCCCCCCCCCCCCCCCCCCCCCCCCCCCCCCCCCCCCCCCCCCCCCCCCCCCCCCCCCCCCCCCCCCCCCCCCCCCCCCCCCCCCCCCCCCCCCCCCCCCCCCCCCCCCCCCCCCCCCCCCCCCCCCCCCCCCCCCCCCCCCCCCCCCCCCCCCCCCCCCCCCCCCCCCCCCCCCCCCCCCCCCCCCCCCCC,561,-75,203,2.7635467980295565,-0.3694581280788177,0,"[0, 1, 0]",False,201,185,16,1,1,184,0,16,0,0,1,1,0,1
101,11,9,0,First by Joss: 0.9,First by Downing,CDDCCCCCCCCCCCCCCDCCCCCCCCCCCCCCCCCCCCCCCCDCCCCCDCCCCCCCCCCCCCDDCCCDCCCCCCCCCCCCCCCCCCCCCCCCDCCCCCCCCCCCCCCDCCDCCCDCCCCCDCCCCCCCCCCCCCCCCCCCCCCCCCCCCCCCCCCCCCCCCCCCCCCDCCCCCCCDCCCCCCCCCCCCCCDCCCCCDCCCCCC,636,75,203,3.1330049261083746,0.3694581280788177,1,"[0, 1, 0]",True,186,185,1,16,1,170,14,0,1,15,1,0,1,0
102,9,12,0,First by Downing,First by Tullock,DDCDDDDDDDDDDDDDDDDCDDDDDDDDDDDDDDDDDDCDDDDDDDDDDDDDDDDDDDDDDDDDDDDDDDDDDDDCDDDDDDDDDDDDDDDDDDDDDDDDDDDDDDDDDDDDDDDDDDDDDDDDDDDDDDDDDDDDDDDDDDDDDDDDDDDDDDDDDDDDDDDDDDDDDDDDDDDDDDDDDDDDCD,224,30,186,1.2043010752688172,0.16129032258064516,1,"[1, 0, 0]",False,5,1,4,10,171,0,1,0,4,1,9,4,166,0
102,12,9,0,First by Tullock,First by Downing,CCCCCCCCCCCDDDDDDDDDDDDDDDDDDDDDDDDDDDDDDDDDDDDDDDDDDDDDDDDDDDDDDDDDDDDDDDDDDDDDDDDDDDDDDDDDDDDDDDDDDDDDDDDDDDDDDDDDDDDDDDDDDDDDDDDDDDDDDDDDDDDDDDDDDDDDDDDDDDDDDDDDDDDDDDDDDDDDDDDDDDDDDD,194,-30,186,1.043010752688172,-0.16129032258064516,0,"[1, 0, 0]",True,11,1,10,4,171,1,0,9,1,0,4,0,170,1
103,9,13,0,First by Downing,First by Anonymous,DDDDDDDDDDDDDDDDDDDDDDDDDDDDDDDDDDDDDDDDDDDDDDDDDDDDDDDDDDDDDDDDDDDDDDDDDDDDDDDDDDDDDDDDDDDDDDDDDDDDDDDDDDDDDDDDDDDDDDDDDDDDDDDDDDDDDDDDDDDDDDDDDDDDDDDDDDDDDDDDDDDDDDDDDDDDDDDDDDDDDDDDDDDDDDDDDDDDDDDDDDDDDDDDD,645,545,209,3.0861244019138754,2.6076555023923444,1,"[1, 0, 0]",False,0,0,0,109,100,0,0,0,0,0,109,0,99,0
103,13,9,0,First by Anonymous,First by Downing,DDCDCDCDDCDCCCCCCCDDDDDDCDDDCCCCDDCCDDCCDCCDDDDCCCCDCCDDCDDDCDCDCCCDCDDDCDDDDDDCCCDDDDCCDDDDCCDDDCDDCDDCDCCDDCDCCCDCCCDDDCDDCDDCCDDCCCCCCCCCDDCCCCDCDCCCCCCCCCCCCDDCDCDCDDCCDCDDCCDCCDCCCCDDCDDDCCCCCCDDCDDDDCCDD,100,-545,209,0.4784688995215311,-2.6076555023923444,0,"[1, 0, 0]",False,109,0,109,0,100,0,0,62,47,0,0,47,52,1
104,9,14,0,First by Downing,Random: 0.5,DDCCCCCCCCCCCCCCCCCCCCCCCCCCCCCCCCCCCCCCCCCCCCCCCCCCCCCCCCCCCCCCCCCCCCCCCCCCCCCCCCCCCCCCCCCCCCCCCCCCCCCCCCCCCCCCCCCCCCCCCCCCCCCCCCCCCCCCCCCCCCCCCCCCCCCCCCCCCCCCCCCCCCCCCCCCCCCCCCCCCCCCCCCCCCCCCCCCCCCCCCCCCC,300,-525,206,1.4563106796116505,-2.5485436893203883,0,"[0, 1, 0]",False,204,98,106,1,1,98,0,105,0,0,1,1,0,1
104,14,9,0,Random: 0.5,First by Downing,CDDCDDCCCCCCDDCDDDCCDCCCDCDCCCDDCCCCDCCCDCDCDCCCDCCDCDCDDCCCCDDDCDDCCDDDCCDCDDCDCCDDDCCDCCDDDDDDDCDDDDCCDDCDCCCDDDDCCDCDCDDCCCDDCDDCDDCCDDDCCDCCCDDDDDDDDCCDDDCDDDCCDDCDDCDDDDCCCDCDCDCDCCCCDCDCCDDCDDDCDCCDCD,825,525,206,4.004854368932039,2.5485436893203883,1,"[0, 1, 0]",True,99,98,1,106,1,45,53,0,1,53,52,0,1,0
105,10,10,0,"First by Feld: 1.0, 0.5, 200","First by Feld: 1.0, 0.5, 200",CCCCCCCCCCCCCCCCCCCCCCCCCCCCCCCCCCCDCDDDDDDDDDDDDDDDDDDDDDDDDDDDDDDDDDDDDDDDDDDDDDDDDDDDDDDDDDDDDDDDDDDDDDDDDDDDDDDDDDDDDDDDDDDDDDDDDDDDDDDDDDDDDDDDDDDDDDDDDDDDDDDDDDDDDDDDDDDDDDDDDDDDDDDDDDDDDDDDDDDDDDDDDDDDDDD,288,5,211,1.3649289099526067,0.023696682464454975,1,"[1, 0, 0]",True,36,35,1,2,173,34,1,0,1,1,1,0,172,0
105,10,10,0,"First by Feld: 1.0, 0.5, 200","First by Feld: 1.0, 0.5, 200",CCCCCCCCCCCCCCCCCCCCCCCCCCCCCCCCCCCCDCDDDDDDDDDDDDDDDDDDDDDDDDDDDDDDDDDDDDDDDDDDDDDDDDDDDDDDDDDDDDDDDDDDDDDDDDDDDDDDDDDDDDDDDDDDDDDDDDDDDDDDDDDDDDDDDDDDDDDDDDDDDDDDDDDDDDDDDDDDDDDDDDDDDDDDDDDDDDDDDDDDDDDDDDDDDDD,283,-5,211,1.3412322274881516,-0.023696682464454975,0,"[1, 0, 0]",True,37,35,2,1,173,35,0,0,2,1,0,0,172,1
106,10,11,0,"First by Feld: 1.0, 0.5, 200",First by Joss: 0.9,CCCDCDCDCDCDCDCDCDCDCDCDCDCDCDCDCDCDCDDDDDDDDDDDDDDDDDDDDDDDDDDDDDDDDDDDDDDDDDDDDDDDDDDDDDDDDDDDDDDDDDDDDDDDDDDDDDDDDDDDDDDDDDDDDDDDDDDDDDDDDDDDDDDDDDDDDDDDDDDDDDDDDDDDDDDDDDDDDDDDDDDDDDDDDD,248,0,190,1.305263157894737,0.0,0,"[0, 0, 1]",True,20,2,18,18,152,2,0,0,18,17,1,0,151,1
106,11,10,0,First by Joss: 0.9,"First by Feld: 1.0, 0.5, 200",CCDCDCDCDCDCDCDCDCDCDCDCDCDCDCDCDCDCDCDDDDDDDDDDDDDDDDDDDDDDDDDDDDDDDDDDDDDDDDDDDDDDDDDDDDDDDDDDDDDDDDDDDDDDDDDDDDDDDDDDDDDDDDDDDDDDDDDDDDDDDDDDDDDDDDDDDDDDDDDDDDDDDDDDDDDDDDDDDDDDDDDDDDDDDD,248,0,190,1.305263157894737,0.0,0,"[0, 0, 1]",True,20,2,18,18,152,1,1,0,18,18,0,0,151,1
107,10,12,0,"First by Feld: 1.0, 0.5, 200",First by Tullock,CCCCCCCCCCCCCCCCCCCDCCCCCDCCCDCCCCDCCDDCCCCCCDDCDCDCCDCCCCCDCDCDCCDDCDDDDDCDDDDDDDDDDDDDDDDDDDDDDDDDDDDDDDDDDDDDDDDDDDDDDDDDDDDDDDDDDDDDDDDDDDDDDDDDDDDDDDDDDDDDDDDDDDDDDDDDDDDDDDDDDDDDDDDDDDDDDDDDDDDDDDDDDDDDD,337,10,209,1.61244019138756,0.04784688995215311,1,"[1, 0, 0]",True,54,42,12,14,141,39,3,0,12,14,0,0,140,0
107,12,10,0,First by Tullock,"First by Feld: 1.0, 0.5, 200",CCCCCCCCCCCCCCCCCCCCCCCCDCCCDCCCCDCCDDCCCCCCDDCDCCCCDCCCCCDCDCDCCCDCDDDDDCDDDDDDDDDDDDDDDDDDDDDDDDDDDDDDDDDDDDDDDDDDDDDDDDDDDDDDDDDDDDDDDDDDDDDDDDDDDDDDDDDDDDDDDDDDDDDDDDDDDDDDDDDDDDDDDDDDDDDDDDDDDDDDDDDDDDDDD,327,-10,209,1.5645933014354068,-0.04784688995215311,0,"[1, 0, 0]",True,56,42,14,12,141,34,8,9,5,8,4,4,136,1
108,10,13,0,"First by Feld: 1.0, 0.5, 200",First by Anonymous,CDCDDCCDDCCCDCDDDDDCCDCDDCCCDCDCDCDDDCCCCDDDCCDDCDCDDDCCCDDDCCCCCCCCCCCCDCCDCCCCDCCDCDDCDDCCDCDCDDDDCDDDDDCDCCCDDDDCDDDDDDDDDDDDDDCDDDDDDDDDCDDDCCDDDDDDDDDCDDDDCDDCDDDCCCDCDCDDDDDDDCDDDCDDCDDDDDDDCCCD,490,125,200,2.45,0.625,1,"[1, 0, 0]",True,78,44,34,59,63,36,8,0,34,41,17,0,63,0
108,13,10,0,First by Anonymous,"First by Feld: 1.0, 0.5, 200",DCDDCCDDCCCDCDDDDDCCDCCDCCCDCDCDCDDDCCCCDDDCCCDCDCDCDCCCDDDCCCCCCCCCCCCDCCDCCCCDCCDCDDCDDCCCCCCDDCCCDDCDDCCCCCCCDDCDCDCDDDCDDDDDDCDDDDDDCCDCDDDCCDDDDDDCCDCDDCDCDDCDDCCCCDCDCCDDDDDDCDDCCDDCDDDDCDCCCCCC,365,-125,200,1.825,-0.625,0,"[1, 0, 0]",False,103,44,59,34,63,29,15,27,31,15,19,32,31,1
109,10,14,0,"First by Feld: 1.0, 0.5, 200",Random: 0.5,CCDCCDCCCDCCDCCDDDDDCCDCCDCDCDDDDCDDCCCCDDCCDCDCCDDDCDDDDCDCDDCDDCCDCDCDDDDCCDDDCCDCDDCCDCDDDDDCCDCCDDCDDDDDCDCCDDDDCDCCDCDDCCCDDCCDDDDDDCCDDCDCDDCCDCDDCDDDCDCDDDCDDCCCDCCCDCCDCCDDDCCDDDDDDCCDCCDDDDDD,525,140,200,2.625,0.7,1,"[1, 0, 0]",True,87,48,39,67,46,35,13,0,39,51,15,0,46,0
109,14,10,0,Random: 0.5,"First by Feld: 1.0, 0.5, 200",CDCCDCCCDCCDCCDDDDDCCDCCDCDCDDDDCDDCCCCDDCCDCDCCDCDCCDCDCDCDDCDDCCDCDCDDDDCCCDDCCCCCDCCCCDDCDDCCDCCDCCDDDCDCCCCDCDDCCCCDCDCCCCDDCCDDDDCDCCCDCDCCDCCDCDCCDDCCDCDCDCDDCCCCCCCCCCCCCCDDCCDCCDDCCCDCCDDDDCDC,385,-140,200,1.925,-0.7,0,"[1, 0, 0]",True,115,48,67,39,46,21,27,39,27,25,14,29,17,1
110,11,11,0,First by Joss: 0.9,First by Joss: 0.9,CCCCCCCCCCCDCDCDCDCDCDCDDDDDDDDDDDDDDDDDDDDDDDDDDDDDDDDDDDDDDDDDDDDDDDDDDDDDDDDDDDDDDDDDDDDDDDDDDDDDDDDDDDDDDDDDDDDDDDDDDDDDDDDDDDDDDDDDDDDDDDDDDDDDDDDDDDDDDDDDDDDDDDDDDDDDDDDDDDDDD,221,0,181,1.2209944751381216,0.0,0,"[0, 0, 1]",True,17,11,6,6,158,10,1,0,6,6,0,0,157,1
110,11,11,0,First by Joss: 0.9,First by Joss: 0.9,CCCCCCCCCCCCDCDCDCDCDCDDDDDDDDDDDDDDDDDDDDDDDDDDDDDDDDDDDDDDDDDDDDDDDDDDDDDDDDDDDDDDDDDDDDDDDDDDDDDDDDDDDDDDDDDDDDDDDDDDDDDDDDDDDDDDDDDDDDDDDDDDDDDDDDDDDDDDDDDDDDDDDDDDDDDDDDDDDDDDD,221,0,181,1.2209944751381216,0.0,0,"[0, 0, 1]",True,17,11,6,6,158,11,0,0,6,5,1,0,157,1
111,11,12,0,First by Joss: 0.9,First by Tullock,CCDDCCCCCCCCDCCDDCDDCDDCDDDDDDDDDDDDDDDDDDDDDDDDDDDDDDDDDDDDDDDDDDDDDDDDDDDDDDDDDDDDDDDDDDDDDDDDDDDDDDDDDDDDDDDDDDDDDDDDDDDDDDDDDDDDDDDDDDDDDDDDDDDDDDDDDDDDDDDDDDDDDDDDDDDDDDDDDDDDDDDDDDDDDDDDDDDDDDDDDD,241,5,202,1.193069306930693,0.024752475247524754,1,"[1, 0, 0]",True,15,10,5,6,181,9,1,0,5,5,1,0,180,0
111,12,11,0,First by Tullock,First by Joss: 0.9,CCCCCCCCCCCDCCDDCDDCDDCDDDDDDDDDDDDDDDDDDDDDDDDDDDDDDDDDDDDDDDDDDDDDDDDDDDDDDDDDDDDDDDDDDDDDDDDDDDDDDDDDDDDDDDDDDDDDDDDDDDDDDDDDDDDDDDDDDDDDDDDDDDDDDDDDDDDDDDDDDDDDDDDDDDDDDDDDDDDDDDDDDDDDDDDDDDDDDDDDDD,236,-5,202,1.1683168316831682,-0.024752475247524754,0,"[1, 0, 0]",True,16,10,6,5,181,8,2,3,3,1,4,3,177,1
112,11,13,0,First by Joss: 0.9,First by Anonymous,CDCCCCDCCCCDDDDDDCCDCCCCDCDDDDDDDCDCCDCDCCDCDDCDDDDDDCDDCDDCDCDCDDCCDDCCDDDDCDCDDDDCCDDCCCDDCCDCCCCCDDCCCCCDDCCCCCCDCDCDDDCDDDCCCCCCDDCDDCCCCCDCCCCCDCDCDCDCCDDDCCCDDDCCDCDDDCDDDCDCCDCDDDCDCDDDDCCDCDDDDDDDDDDDDCCCCDDCCC,543,85,218,2.4908256880733943,0.38990825688073394,1,"[1, 0, 0]",True,106,61,45,62,50,55,6,0,44,50,12,0,50,0
112,13,11,0,First by Anonymous,First by Joss: 0.9,DCCCCDCCCCDDDDDCCCDCCCCDCDDDDCDDCDCCDCDCCDCDDCDDDCCDCDDCCDCDCDCDDCCDDCCDDCDCCCDDDDCCCCCCCDDCCDCCCCCDDCCCCCDDCCCCCCDCDCDDDCDCDCCCCCCCDCDCCCCCCDCCCCCDCDCDCDCCDCDCCCDDCCCDCDDDCDDDCDCCDCDDDCDCCDCDCCDCDDDDDDDDDDDCCCCCCDCCCD,458,-85,218,2.1009174311926606,-0.38990825688073394,0,"[1, 0, 0]",False,123,61,62,45,50,36,25,33,29,26,18,28,22,1
113,11,14,0,First by Joss: 0.9,Random: 0.5,CDDDCCCDDCCCDCDDDDDCDDDCCDDDCCCCDDDCDDCDCCDCDCDCDCCDCDCDDDDDCDDDDCDCCDCCCCDDDCCCDDDDDCCCDDDDDDCDDDDCDCDDCCCCCDDCCDDCCCDDCDDDDDDCCDCCCCDCDCCDCDDDDDDCCCCDDDDDCDDDDDDDDDCDDCCDDDCCCDCDCDCDD,408,35,185,2.2054054054054055,0.1891891891891892,1,"[1, 0, 0]",True,78,39,39,46,61,36,3,0,39,41,4,0,61,0
113,14,11,0,Random: 0.5,First by Joss: 0.9,DDDCCCDDCCCDCDDDDDCDDDCCDCDCCCCDDDCDDCDCCCCDCDCDCCDCDCDDDDDCDDDDCDCCDCCCCDDDCCCDDDDDCCCDDDDDCCDCDDCDCDDCCCCCDDCCDDCCCDDCDDDDCDCCDCCCCDCCCCDCDDDDDDCCCCDDDDDCDDDDDDDDDCDDCCDDDCCCDCDCCCDDC,373,-35,185,2.016216216216216,-0.1891891891891892,0,"[1, 0, 0]",False,85,39,46,39,61,21,18,22,23,17,22,25,36,1
114,12,12,0,First by Tullock,First by Tullock,CCCCCCCCCCCCCCCCCCCCCCCDCCCCCCCDCCCCDCCCCDCCCCCCCCCDDCDCCCCCCCCCCCDDCCCCCCCCDCDDCDDCDCDDDDDDDDDDDDDDDDDDDDDDDDDDDDDDDDDDDDDDDDDDDDDDDDDDDDDDDDDDDDDDDDDDDDDDDDDDDDDDDDDDDDDDDDDDDDDDDDDDDDDDDDDDDDDDDDDDDDDDDDDDDDDDDDDD,381,15,216,1.7638888888888888,0.06944444444444445,1,"[1, 0, 0]",True,71,60,11,14,131,53,7,6,5,10,4,1,129,0
114,12,12,0,First by Tullock,First by Tullock,CCCCCCCCCCCCCCDCCCCCCCCCCCCCCCCCCCCCCDDCCCCDDDCCCCDCCCCCCCCCCCCCCCCCCCCCCCCDCDCCCDDDCDDDDDDDCDDDDDDDDDDDDDDDDDDDDDDDDDDDDDDDDDDDDDDDDDDDDDDDDDDDDDDDDDDDDDDDDDDDDDDDDDDDDDDDDDDDDDDDDDDDDDDDDDDDDDDDDDDDDDDDDDDDDDDDDDDD,366,-15,216,1.6944444444444444,-0.06944444444444445,0,"[1, 0, 0]",True,74,60,14,11,131,55,5,10,4,7,4,1,129,1
115,12,13,0,First by Tullock,First by Anonymous,CCCCCCCCCCCDCDDCCCCCCDCDCCDDDDDDCCDCCCCCDDDDDCCDCCDCCCCCDCDDDDCDDDDDDCCDCCDDDDDDCDCCDDDCDDDDDCDCCDDDDDDDCDCCDCCCDCCCDCCCCDDDDDDDCCDCDCCCCCDDCCDDCCCCCCDCDDDDCDCCCCDCCDDDDDCCDDCCCCDDC,438,35,181,2.4198895027624308,0.19337016574585636,1,"[1, 0, 0]",True,94,53,41,48,39,32,20,26,15,15,33,20,19,0
115,13,12,0,First by Anonymous,First by Tullock,CDDDCCCCDCCCCCDCCDDDCDDDCDDCCCCDDCDDCCCCDCDCDCCCCCDDCDDDCCDDCDDDCDCCDCCDCDDCDCDDDCDCCDCDCCDCCDDDDDDCDDCCCDDCDDCCCCCDCDCDCCDCCCCDCDCCDCCCDDDCDCCDCDDDCDDCCCCCDCCDCDDCCDCCCCDCCDCCDCCCC,403,-35,181,2.226519337016575,-0.19337016574585636,0,"[1, 0, 0]",True,101,53,48,41,39,27,25,25,23,22,19,26,13,1
116,12,14,0,First by Tullock,Random: 0.5,CCCCCCCCCCCDDCCCDDDCDCCDDDDDDDDDDCDDDDDCDDDDDCDDDDDDDCDCCCCDDCCDDDDDDCDDDDDCCDCDCCCCCCCDDDDDDCCCDDCCDDCDDDDDDDCDDDCCCCDCDCDDCDDDDDCCCCDCDCCDCCDDDCCDDDDCCDDCDDCDCCCCDCCDCCCCCCCCDCDDCCCDDCCDCCCDDCDDDDDCDDDCDDDDDCCDDDCCDC,479,20,218,2.197247706422018,0.09174311926605505,1,"[1, 0, 0]",True,98,49,49,53,67,32,17,23,25,21,32,21,46,0
116,14,12,0,Random: 0.5,First by Tullock,DCCCDCCDCDDDDCDCCCDDDDDDDDCDDDDCDDCCCCDDDDDDDCCCDDDDCDDCCCDCCDDCCCDDCCDCDCCCCDCCDCCDCDDDCDCCDCCCDDCDDDDCDDDCDCCCCCCDCDDDDDDCCDDCCCDCDDCDCDDCDCDDCDDDCCCDCCDDDCCCCDCCCCDDCCCDDCDDCDDDCCCCDCCDDCCCCDCCDDDDDDCCDDDDDCCDDCDDDD,459,-20,218,2.1055045871559632,-0.09174311926605505,0,"[1, 0, 0]",False,102,49,53,49,67,26,23,27,26,22,26,27,40,1
117,13,13,0,First by Anonymous,First by Anonymous,CDCCCCDCDDDDCCCDDCCCDCDCDCDCDDDCDCDDCCCDDDDCDCCDCCDCCDCCDCDDDDCDCDCDDCCDCDCDCCDCDDCCDCDCDDDCDDCDDDDDDCDCCCDDCCCCDDDDDDDDDCDDDDDDCCDCDDCCDDCDCDDDDDCCDCDDDDCCDDDCDCCDCDDCDDDDDDCDDDCDDCDDCDCCDCDCDCCCCCCDDCCCCC,498,70,206,2.4174757281553396,0.33980582524271846,1,"[1, 0, 0]",True,92,40,52,66,48,19,20,17,35,33,33,22,26,0
117,13,13,0,First by Anonymous,First by Anonymous,CCCCDDCDCDCDDDDCCDCDCCCCCDCDCCCDCCCDCCDDDCCDDCCDCDCDDDDCCCDDCDDCDDDDDCCCDCCDDDCCDCCCDDDDCDCCDDDCDCDCCCCDCDCCDCCDDCDDDCCDDDCCCDCCCDCCDCDDCDDDDDDCCCDDDDCCCCDDDCCCDDDCCDCCDDCCCDCCDDDCCDDDCCDDDDDCCDDCCDDCCCCCCC,428,-70,206,2.0776699029126213,-0.33980582524271846,0,"[1, 0, 0]",True,106,40,66,52,48,21,18,36,30,26,26,22,26,1
118,13,14,0,First by Anonymous,Random: 0.5,CCDCDDDCCCCCCCDCCDCDCDCDDDDCCCCDDDDCDCCCCCDCDDCCCDDDDCDCCDCCDDDCCDCDCDDDDDCDCCCCDCDDDDCDCDCDDDDDDDDDCDDCCDDDCCDCCCCCCCDDDCCCCCDCCDDDDCDDCCCDCDDDDCDCDDCCDDDDDCCCCDCCCDDCCDDCCDCDDCCCCCDDCCDDCDCDDCCCCDDCDDCDCDCCC,458,-20,209,2.1913875598086126,-0.09569377990430622,0,"[0, 1, 0]",True,106,53,53,49,54,26,26,30,23,24,25,25,29,1
118,14,13,0,Random: 0.5,First by Anonymous,CCCDDDCDDDDDCDDDCCCDDCDDDCDCDCDCDDCDDDCCDCDDDCCCDCCDDCDDCDDCDDDCCDCCDCDCCDDCCDDDCCCDDDCCDCDCCDDDCCDDCDCDDDCCDCCDCCDDCCCDCDCCCDDCDCCDDCDCCDCDCCDCDCDCCCDDCCDCDDDCCDDDCCCCDDCDDDDDDCDCCCCCDDDCDDCDCCCCCCDCDCCDDCDDC,478,20,209,2.287081339712919,0.09569377990430622,1,"[0, 1, 0]",True,102,53,49,53,54,26,26,18,31,27,26,30,24,0
119,14,14,0,Random: 0.5,Random: 0.5,CDCDDCDDDCDCDCDCDDCCCDDCCDDDCCCDDCDDCCDCDDCCCDDCCDCDCCDCDDCDCCDCCDDDCDDCCCDDDDCCCDDCCDCCCCDDDDDCCDDDDCCDDDCDDCCDDCDCCCDCDCCDDDCDDCCDCCDCDCCCCDDCDDDDCDCCCDCDDDCCDDDDCCDCDDCCCCCCDCDCDCDCCCDDDDDC,458,50,192,2.3854166666666665,0.2604166666666667,1,"[1, 0, 0]",True,94,56,38,48,50,27,29,15,22,22,26,29,21,0
119,14,14,0,Random: 0.5,Random: 0.5,CCDCDCCDDDDDDCCCCCDDCDCDCDCCDCDDCCCCCDDDCCDDDCDCCDDDCDCCCDCDCCCDCDDDDDDDCDDCDCDCCCDCCDCDCCCDCDCCCCDDCCDCDDCCCCCDCCCCDDCDCCCCDDCDCCDDCDDDDDCCCDDCCCCDCDDCCDDDDCCCCCCDCCCDDDCCDCCDDDDDCCDDCCCCCCDD,408,-50,192,2.125,-0.2604166666666667,0,"[1, 0, 0]",True,104,56,48,38,50,33,23,25,23,19,18,26,24,1
