Interaction index,Player index,Opponent index,Repetition,Player name,Opponent name,Actions,Score,Score difference,Turns,Score per turn,Score difference per turn,Win,Winner List,Initial cooperation,Cooperation count,CC count,CD count,DC count,DD count,CC to C count,CC to D count,CD to C count,CD to D count,DC to C count,DC to D count,DD to C count,DD to D count,Good partner
0,0,0,0,Tit For Tat,Tit For Tat,CCCCCCCCCCCCCCCCCCCCCCCCCCCCCCCCCCCCCCCCCCCCCCCCCCCCCCCCCCCCCCCCCCCCCCCCCCCCCCCCCCCCCCCCCCCCCCCCCCCCCCCCCCCCCCCCCCCCCCCCCCCCCCCCCCCCCCCCCCCCCCCCCCCCCCCCCCCCCCCCCCCCCCCCCCCCCCCCCCCCCCCCCCCCCCCCCCCCCCCCCCCCCCCCCCCCCCCCCCCCCCCCCCCCCC,690,0,230,3.0,0.0,0,"[0, 0, 1]",True,230,230,0,0,0,229,0,0,0,0,0,0,0,1
0,0,0,0,Tit For Tat,Tit For Tat,CCCCCCCCCCCCCCCCCCCCCCCCCCCCCCCCCCCCCCCCCCCCCCCCCCCCCCCCCCCCCCCCCCCCCCCCCCCCCCCCCCCCCCCCCCCCCCCCCCCCCCCCCCCCCCCCCCCCCCCCCCCCCCCCCCCCCCCCCCCCCCCCCCCCCCCCCCCCCCCCCCCCCCCCCCCCCCCCCCCCCCCCCCCCCCCCCCCCCCCCCCCCCCCCCCCCCCCCCCCCCCCCCCCCCC,690,0,230,3.0,0.0,0,"[0, 0, 1]",True,230,230,0,0,0,229,0,0,0,0,0,0,0,1
1,0,1,0,Tit For Tat,"First by Tideman and Chieruzzi: (D, D)",CCCCCCCCCCCCCCCCCCCCCCCCCCCCCCCCCCCCCCCCCCCCCCCCCCCCCCCCCCCCCCCCCCCCCCCCCCCCCCCCCCCCCCCCCCCCCCCCCCCCCCCCCCCCCCCCCCCCCCCCCCCCCCCCCCCCCCCCCCCCCCCCCCCCCCCCCCCCCCCCCCCCCCCCCCCCCCCCCCCCCCCCCCCCCCCCCCCCCCCCCCCCCCCCCCCD,631,-5,212,2.9764150943396226,-0.02358490566037736,0,"[0, 1, 0]",True,211,210,1,0,1,210,0,0,1,0,0,0,0,1
1,1,0,0,"First by Tideman and Chieruzzi: (D, D)",Tit For Tat,CCCCCCCCCCCCCCCCCCCCCCCCCCCCCCCCCCCCCCCCCCCCCCCCCCCCCCCCCCCCCCCCCCCCCCCCCCCCCCCCCCCCCCCCCCCCCCCCCCCCCCCCCCCCCCCCCCCCCCCCCCCCCCCCCCCCCCCCCCCCCCCCCCCCCCCCCCCCCCCCCCCCCCCCCCCCCCCCCCCCCCCCCCCCCCCCCCCCCCCCCCCCCCCCCCDD,636,5,212,3.0,0.02358490566037736,1,"[0, 1, 0]",True,210,210,0,1,1,209,1,0,0,0,1,0,0,0
2,0,2,0,Tit For Tat,First by Nydegger,CCCCCCCCCCCCCCCCCCCCCCCCCCCCCCCCCCCCCCCCCCCCCCCCCCCCCCCCCCCCCCCCCCCCCCCCCCCCCCCCCCCCCCCCCCCCCCCCCCCCCCCCCCCCCCCCCCCCCCCCCCCCCCCCCCCCCCCCCCCCCCCCCCCCCCCCCCCCCCCCCCCCCCCCCCCCCCCCCCCCCCCCCCCCCCCCCCCC,588,0,196,3.0,0.0,0,"[0, 0, 1]",True,196,196,0,0,0,195,0,0,0,0,0,0,0,1
2,2,0,0,First by Nydegger,Tit For Tat,CCCCCCCCCCCCCCCCCCCCCCCCCCCCCCCCCCCCCCCCCCCCCCCCCCCCCCCCCCCCCCCCCCCCCCCCCCCCCCCCCCCCCCCCCCCCCCCCCCCCCCCCCCCCCCCCCCCCCCCCCCCCCCCCCCCCCCCCCCCCCCCCCCCCCCCCCCCCCCCCCCCCCCCCCCCCCCCCCCCCCCCCCCCCCCCCCCCC,588,0,196,3.0,0.0,0,"[0, 0, 1]",True,196,196,0,0,0,195,0,0,0,0,0,0,0,1
3,0,3,0,Tit For Tat,First by Grofman,CCCCCCCCCCCCCCCCCCCCCCCCCCCCCCCCCCCCCCCCCCCCCCCCCCCCCCCCCCCCCCCCCCCCCCCCCCCCCCCCCCCCCCCCCCCCCCCCCCCCCCCCCCCCCCCCCCCCCCCCCCCCCCCCCCCCCCCCCCCCCCCCCCCCCCCCCCCC,468,0,156,3.0,0.0,0,"[0, 0, 1]",True,156,156,0,0,0,155,0,0,0,0,0,0,0,1
3,3,0,0,First by Grofman,Tit For Tat,CCCCCCCCCCCCCCCCCCCCCCCCCCCCCCCCCCCCCCCCCCCCCCCCCCCCCCCCCCCCCCCCCCCCCCCCCCCCCCCCCCCCCCCCCCCCCCCCCCCCCCCCCCCCCCCCCCCCCCCCCCCCCCCCCCCCCCCCCCCCCCCCCCCCCCCCCCCC,468,0,156,3.0,0.0,0,"[0, 0, 1]",True,156,156,0,0,0,155,0,0,0,0,0,0,0,1
4,0,4,0,Tit For Tat,First by Shubik,CCCCCCCCCCCCCCCCCCCCCCCCCCCCCCCCCCCCCCCCCCCCCCCCCCCCCCCCCCCCCCCCCCCCCCCCCCCCCCCCCCCCCCCCCCCCCCCCCCCCCCCCCCCCCCCCCCCCCCCCCCCCCCCCCCCCCCCCCCCCCCCCCCCCCCCCCCCCCCCCCCCCCCCCCCCCCCCCCCCCCCCCCCCCCCCCCC,582,0,194,3.0,0.0,0,"[0, 0, 1]",True,194,194,0,0,0,193,0,0,0,0,0,0,0,1
4,4,0,0,First by Shubik,Tit For Tat,CCCCCCCCCCCCCCCCCCCCCCCCCCCCCCCCCCCCCCCCCCCCCCCCCCCCCCCCCCCCCCCCCCCCCCCCCCCCCCCCCCCCCCCCCCCCCCCCCCCCCCCCCCCCCCCCCCCCCCCCCCCCCCCCCCCCCCCCCCCCCCCCCCCCCCCCCCCCCCCCCCCCCCCCCCCCCCCCCCCCCCCCCCCCCCCCCC,582,0,194,3.0,0.0,0,"[0, 0, 1]",True,194,194,0,0,0,193,0,0,0,0,0,0,0,1
5,0,5,0,Tit For Tat,"First by Stein and Rapoport: 0.05: (D, D)",CCCCCCCCCCCCCCCCCCCCCCCCCCCCCCCCCCCCCCCCCCCCCCCCCCCCCCCCCCCCCCCCCCCCCCCCCCCCCCCCCCCCCCCCCCCCCCCCCCCCCCCCCCCCCCCCCCCCCCCCCCCCCCCCCCCCCCCCCCCCCCCCCCCCCCCCCCCCCCCCCCCCCCCCCCCCCCCCCCCCCCCD,547,-5,184,2.972826086956522,-0.02717391304347826,0,"[0, 1, 0]",True,183,182,1,0,1,182,0,0,1,0,0,0,0,1
5,5,0,0,"First by Stein and Rapoport: 0.05: (D, D)",Tit For Tat,CCCCCCCCCCCCCCCCCCCCCCCCCCCCCCCCCCCCCCCCCCCCCCCCCCCCCCCCCCCCCCCCCCCCCCCCCCCCCCCCCCCCCCCCCCCCCCCCCCCCCCCCCCCCCCCCCCCCCCCCCCCCCCCCCCCCCCCCCCCCCCCCCCCCCCCCCCCCCCCCCCCCCCCCCCCCCCCCCCCCCCDD,552,5,184,3.0,0.02717391304347826,1,"[0, 1, 0]",True,182,182,0,1,1,181,1,0,0,0,1,0,0,0
6,0,6,0,Tit For Tat,Grudger,CCCCCCCCCCCCCCCCCCCCCCCCCCCCCCCCCCCCCCCCCCCCCCCCCCCCCCCCCCCCCCCCCCCCCCCCCCCCCCCCCCCCCCCCCCCCCCCCCCCCCCCCCCCCCCCCCCCCCCCCCCCCCCCCCCCCCCCCCCCCCCCCCCCCCCCCCCCCCCCCCCCCCCCCCCCCCCCCCCCCCCCCCCC,561,0,187,3.0,0.0,0,"[0, 0, 1]",True,187,187,0,0,0,186,0,0,0,0,0,0,0,1
6,6,0,0,Grudger,Tit For Tat,CCCCCCCCCCCCCCCCCCCCCCCCCCCCCCCCCCCCCCCCCCCCCCCCCCCCCCCCCCCCCCCCCCCCCCCCCCCCCCCCCCCCCCCCCCCCCCCCCCCCCCCCCCCCCCCCCCCCCCCCCCCCCCCCCCCCCCCCCCCCCCCCCCCCCCCCCCCCCCCCCCCCCCCCCCCCCCCCCCCCCCCCCCC,561,0,187,3.0,0.0,0,"[0, 0, 1]",True,187,187,0,0,0,186,0,0,0,0,0,0,0,1
7,0,7,0,Tit For Tat,First by Davis: 10,CCCCCCCCCCCCCCCCCCCCCCCCCCCCCCCCCCCCCCCCCCCCCCCCCCCCCCCCCCCCCCCCCCCCCCCCCCCCCCCCCCCCCCCCCCCCCCCCCCCCCCCCCCCCCCCCCCCCCCCCCCCCCCCCCCCCCCCCCCCCCCCCCCCCCCCCCCCCCCCCCCCCCCCCCCCCCCCCCCCCCCCCCCC,561,0,187,3.0,0.0,0,"[0, 0, 1]",True,187,187,0,0,0,186,0,0,0,0,0,0,0,1
7,7,0,0,First by Davis: 10,Tit For Tat,CCCCCCCCCCCCCCCCCCCCCCCCCCCCCCCCCCCCCCCCCCCCCCCCCCCCCCCCCCCCCCCCCCCCCCCCCCCCCCCCCCCCCCCCCCCCCCCCCCCCCCCCCCCCCCCCCCCCCCCCCCCCCCCCCCCCCCCCCCCCCCCCCCCCCCCCCCCCCCCCCCCCCCCCCCCCCCCCCCCCCCCCCCC,561,0,187,3.0,0.0,0,"[0, 0, 1]",True,187,187,0,0,0,186,0,0,0,0,0,0,0,1
8,0,8,0,Tit For Tat,First by Graaskamp: 0.05,CCCCCCCCCCCCCCCCCCCCCCCCCCCCCCCCCCCCCCCCCCCCCCCCCCCDCDCDCDCDCDCDCDCDCDCDCDCDCDCDCDCDCDCDCDCDCDCDCDCDCDCDCDCDCDCDCDCDCDCDCDCDCDCDCDCDCDCDCDCDCDCDCDCDCDCDCDCDCDCDCDCDCDCDCDCDCDCDCDCDCDCDCDCDCDCDCDCDCDCDCDCDCD,540,0,206,2.621359223300971,0.0,0,"[0, 0, 1]",True,128,50,78,78,0,50,0,0,78,77,0,0,0,1
8,8,0,0,First by Graaskamp: 0.05,Tit For Tat,CCCCCCCCCCCCCCCCCCCCCCCCCCCCCCCCCCCCCCCCCCCCCCCCCCDCDCDCDCDCDCDCDCDCDCDCDCDCDCDCDCDCDCDCDCDCDCDCDCDCDCDCDCDCDCDCDCDCDCDCDCDCDCDCDCDCDCDCDCDCDCDCDCDCDCDCDCDCDCDCDCDCDCDCDCDCDCDCDCDCDCDCDCDCDCDCDCDCDCDCDCDCDC,540,0,206,2.621359223300971,0.0,0,"[0, 0, 1]",True,128,50,78,78,0,49,1,0,77,78,0,0,0,1
9,0,9,0,Tit For Tat,First by Downing,CDDCCCCCCCCCCCCCCCCCCCCCCCCCCCCCCCCCCCCCCCCCCCCCCCCCCCCCCCCCCCCCCCCCCCCCCCCCCCCCCCCCCCCCCCCCCCCCCCCCCCCCCCCCCCCCCCCCCCCCCCCCCCCCCCCCCCCCCCCCCCCCCCCCCCCCCCCCCCCCCCCCCCCCCCCCCCCCCCCCC,540,0,181,2.983425414364641,0.0,0,"[0, 0, 1]",True,179,178,1,1,1,177,0,0,1,1,0,0,1,1
9,9,0,0,First by Downing,Tit For Tat,DDCCCCCCCCCCCCCCCCCCCCCCCCCCCCCCCCCCCCCCCCCCCCCCCCCCCCCCCCCCCCCCCCCCCCCCCCCCCCCCCCCCCCCCCCCCCCCCCCCCCCCCCCCCCCCCCCCCCCCCCCCCCCCCCCCCCCCCCCCCCCCCCCCCCCCCCCCCCCCCCCCCCCCCCCCCCCCCCCCCC,540,0,181,2.983425414364641,0.0,0,"[0, 0, 1]",False,179,178,1,1,1,177,0,1,0,0,1,1,0,1
10,0,10,0,Tit For Tat,"First by Feld: 1.0, 0.5, 200",CCCCCCCCCCCCCCCCCCCCCDCDCDCDCDCDCDCDCDCDCDCDDDDDDDDDDDDDDDDDDDDDDDDDDDDDDDDDDDDDDDDDDDDDDDDDDDDDDDDDDDDDDDDDDDDDDDDDDDDDDDDDDDDDDDDDDDDDDDDDDDDDDDDDDDDDDDDDDDDDDDDDDDDDDDDDDDDDDDDDDDDDDDDDDDDDDDDDDDDDDDDDDDDDDDDDDDDDDDDDD,293,-5,221,1.3257918552036199,-0.02262443438914027,0,"[0, 1, 0]",True,32,20,12,11,178,20,0,0,12,11,0,0,177,1
10,10,0,0,"First by Feld: 1.0, 0.5, 200",Tit For Tat,CCCCCCCCCCCCCCCCCCCCDCDCDCDCDCDCDCDCDCDCDCDDDDDDDDDDDDDDDDDDDDDDDDDDDDDDDDDDDDDDDDDDDDDDDDDDDDDDDDDDDDDDDDDDDDDDDDDDDDDDDDDDDDDDDDDDDDDDDDDDDDDDDDDDDDDDDDDDDDDDDDDDDDDDDDDDDDDDDDDDDDDDDDDDDDDDDDDDDDDDDDDDDDDDDDDDDDDDDDDDD,298,5,221,1.3484162895927603,0.02262443438914027,1,"[0, 1, 0]",True,31,20,11,12,178,19,1,0,11,11,1,0,177,0
11,0,11,0,Tit For Tat,First by Joss: 0.9,CCCCCCCCCCCCCCCCCCCCCCCCCCDCDCDCDCDCDCDCDCDCDCDCDCDCDCDCDCDCDCDCDCDCDDDDDDDDDDDDDDDDDDDDDDDDDDDDDDDDDDDDDDDDDDDDDDDDDDDDDDDDDDDDDDDDDDDDDDDDDDDDDDDDDDDDDDDDDDDDDDDDDDDDDDDDDDDDDDDDDDDDDDDDDDDDDDDDDDD,311,-5,199,1.5628140703517588,-0.02512562814070352,0,"[0, 1, 0]",True,47,25,22,21,131,25,0,0,22,21,0,0,130,1
11,11,0,0,First by Joss: 0.9,Tit For Tat,CCCCCCCCCCCCCCCCCCCCCCCCCDCDCDCDCDCDCDCDCDCDCDCDCDCDCDCDCDCDCDCDCDCDDDDDDDDDDDDDDDDDDDDDDDDDDDDDDDDDDDDDDDDDDDDDDDDDDDDDDDDDDDDDDDDDDDDDDDDDDDDDDDDDDDDDDDDDDDDDDDDDDDDDDDDDDDDDDDDDDDDDDDDDDDDDDDDDDDD,316,5,199,1.5879396984924623,0.02512562814070352,1,"[0, 1, 0]",True,46,25,21,22,131,24,1,0,21,21,1,0,130,0
12,0,12,0,Tit For Tat,First by Tullock,CCCCCCCCCCCCCCCCCCCCCCCCCCDCCCDDDDDDDDDCDDDDDDDDDDDDDDDDDDDDDDDDDDDDDDDDDDDDDDDDDDDDDDDDDDDDDDDDDDDDDDDDDDDDDDDDDDDDDDDDDDDDDDDDDDDDDDDDDDDDDDDDDDDDDDDDDDDDDDDDDDDDDDDDDDDDDDDDDDDDDD,241,-5,182,1.3241758241758241,-0.027472527472527472,0,"[0, 1, 0]",True,30,27,3,2,150,27,0,0,3,2,0,0,149,1
12,12,0,0,First by Tullock,Tit For Tat,CCCCCCCCCCCCCCCCCCCCCCCCCDCCCDDDDDDDDDCDDDDDDDDDDDDDDDDDDDDDDDDDDDDDDDDDDDDDDDDDDDDDDDDDDDDDDDDDDDDDDDDDDDDDDDDDDDDDDDDDDDDDDDDDDDDDDDDDDDDDDDDDDDDDDDDDDDDDDDDDDDDDDDDDDDDDDDDDDDDDDD,246,5,182,1.3516483516483517,0.027472527472527472,1,"[0, 1, 0]",True,29,27,2,3,150,25,2,1,1,1,2,1,148,0
13,0,13,0,Tit For Tat,First by Anonymous,CCDDDDDDCDCCDDDCCDDDCDDDCDDCDDDDDCCCDCDDCDDCDDDCDCCDDDCCDDDCDCDDCCCDCCDCDDCCDCCCCCCDDCCDCCCDDCCDCCCCDCCCCDDDDCCDDDCCDCDDDCCCDDCDCCDCCDCDCCDDDCCCDCCDCCDDDCCCDCDCDCCDDCCDDDCCDCDD,391,-5,176,2.221590909090909,-0.028409090909090908,0,"[0, 1, 0]",True,87,42,45,44,45,42,0,0,45,44,0,0,44,1
13,13,0,0,First by Anonymous,Tit For Tat,CDDDDDDCDCCDDDCCDDDCDDDCDDCDDDDDCCCDCDDCDDCDDDCDCCDDDCCDDDCDCDDCCCDCCDCDDCCDCCCCCCDDCCDCCCDDCCDCCCCDCCCCDDDDCCDDDCCDCDDDCCCDDCDCCDCCDCDCCDDDCCCDCCDCCDDDCCCDCDCDCCDDCCDDDCCDCDDD,396,5,176,2.25,0.028409090909090908,1,"[0, 1, 0]",True,86,42,44,45,45,14,28,27,17,21,24,23,21,0
14,0,14,0,Tit For Tat,Random: 0.5,CCCDCCCCCDCCDDDCDDDDDCCDCDCDCCCDCDCDDDDDCCCCCDDDCCDDDCCDCCCCDDDCCDCDCCDDCCCCCDCDDCDDCDCCDCDDCDCCCDDCDDDDDDDCCCCDDCCDCCDCCCCCDCCCDDCDCDCCDDDDCCDCDDCDCCCCCDDCDCDCCCCDDDCDDDCDDCDCCCDCCDCCCCDCCCCC,451,0,192,2.3489583333333335,0.0,0,"[0, 0, 1]",True,106,59,47,47,39,58,0,0,47,47,0,0,39,1
14,14,0,0,Random: 0.5,Tit For Tat,CCDCCCCCDCCDDDCDDDDDCCDCDCDCCCDCDCDDDDDCCCCCDDDCCDDDCCDCCCCDDDCCDCDCCDDCCCCCDCDDCDDCDCCDCDDCDCCCDDCDDDDDDDCCCCDDCCDCCDCCCCCDCCCDDCDCDCCDDDDCCDCDDCDCCCCCDDCDCDCCCCDDDCDDDCDDCDCCCDCCDCCCCDCCCCCC,451,0,192,2.3489583333333335,0.0,0,"[0, 0, 1]",True,106,59,47,47,39,32,26,26,21,27,20,20,19,1
15,1,1,0,"First by Tideman and Chieruzzi: (D, D)","First by Tideman and Chieruzzi: (D, D)",CCCCCCCCCCCCCCCCCCCCCCCCCCCCCCCCCCCCCCCCCCCCCCCCCCCCCCCCCCCCCCCCCCCCCCCCCCCCCCCCCCCCCCCCCCCCCCCCCCCCCCCCCCCCCCCCCCCCCCCCCCCCCCCCCCCCCCCCCCCCCCCCCCCCCCCCCCCCCCCCCCCCCCCCCCCCCCCCCCCCCDD,545,0,183,2.978142076502732,0.0,0,"[0, 0, 1]",True,181,181,0,0,2,180,1,0,0,0,0,0,1,1
15,1,1,0,"First by Tideman and Chieruzzi: (D, D)","First by Tideman and Chieruzzi: (D, D)",CCCCCCCCCCCCCCCCCCCCCCCCCCCCCCCCCCCCCCCCCCCCCCCCCCCCCCCCCCCCCCCCCCCCCCCCCCCCCCCCCCCCCCCCCCCCCCCCCCCCCCCCCCCCCCCCCCCCCCCCCCCCCCCCCCCCCCCCCCCCCCCCCCCCCCCCCCCCCCCCCCCCCCCCCCCCCCCCCCCCCDD,545,0,183,2.978142076502732,0.0,0,"[0, 0, 1]",True,181,181,0,0,2,180,1,0,0,0,0,0,1,1
16,1,2,0,"First by Tideman and Chieruzzi: (D, D)",First by Nydegger,CCCCCCCCCCCCCCCCCCCCCCCCCCCCCCCCCCCCCCCCCCCCCCCCCCCCCCCCCCCCCCCCCCCCCCCCCCCCCCCCCCCCCCCCCCCCCCCCCCCCCCCCCCCCCCCCCCCCCCCCCCCCCCCCCCCCCCCCCCCCCCCCCCCCCCCCCCCCCCCCCCCCCCCCCCCCCCCCCCCCCCCCDD,562,10,186,3.021505376344086,0.053763440860215055,1,"[1, 0, 0]",True,184,184,0,2,0,183,1,0,0,0,1,0,0,0
16,2,1,0,First by Nydegger,"First by Tideman and Chieruzzi: (D, D)",CCCCCCCCCCCCCCCCCCCCCCCCCCCCCCCCCCCCCCCCCCCCCCCCCCCCCCCCCCCCCCCCCCCCCCCCCCCCCCCCCCCCCCCCCCCCCCCCCCCCCCCCCCCCCCCCCCCCCCCCCCCCCCCCCCCCCCCCCCCCCCCCCCCCCCCCCCCCCCCCCCCCCCCCCCCCCCCCCCCCCCCCCC,552,-10,186,2.967741935483871,-0.053763440860215055,0,"[1, 0, 0]",True,186,184,2,0,0,184,0,1,0,0,0,0,0,1
17,1,3,0,"First by Tideman and Chieruzzi: (D, D)",First by Grofman,CCCCCCCCCCCCCCCCCCCCCCCCCCCCCCCCCCCCCCCCCCCCCCCCCCCCCCCCCCCCCCCCCCCCCCCCCCCCCCCCCCCCCCCCCCCCCCCCCCCCCCCCCCCCCCCCCCCCCCCCCCCCCCCCCCCCCCCCCCCCCCCCCCCCCCCCCCCCCCCCCCCCCCCCCCCCCCCCCCDD,540,5,180,3.0,0.027777777777777776,1,"[1, 0, 0]",True,178,178,0,1,1,177,1,0,0,0,1,0,0,0
17,3,1,0,First by Grofman,"First by Tideman and Chieruzzi: (D, D)",CCCCCCCCCCCCCCCCCCCCCCCCCCCCCCCCCCCCCCCCCCCCCCCCCCCCCCCCCCCCCCCCCCCCCCCCCCCCCCCCCCCCCCCCCCCCCCCCCCCCCCCCCCCCCCCCCCCCCCCCCCCCCCCCCCCCCCCCCCCCCCCCCCCCCCCCCCCCCCCCCCCCCCCCCCCCCCCCCCCD,535,-5,180,2.9722222222222223,-0.027777777777777776,0,"[1, 0, 0]",True,179,178,1,0,1,178,0,0,1,0,0,0,0,1
18,1,4,0,"First by Tideman and Chieruzzi: (D, D)",First by Shubik,CCCCCCCCCCCCCCCCCCCCCCCCCCCCCCCCCCCCCCCCCCCCCCCCCCCCCCCCCCCCCCCCCCCCCCCCCCCCCCCCCCCCCCCCCCCCCCCCCCCCCCCCCCCCCCCCCCCCCCCCCCCCCCCCCCCCCCCCCCCCCCCCCCCCCCCCCCCCCCCCCCCCCCCCCCCCCCCCCCCCCCCCCCCCCCCCCCCCCCCCCCCCCCCCCCCCCDD,645,5,215,3.0,0.023255813953488372,1,"[1, 0, 0]",True,213,213,0,1,1,212,1,0,0,0,1,0,0,0
18,4,1,0,First by Shubik,"First by Tideman and Chieruzzi: (D, D)",CCCCCCCCCCCCCCCCCCCCCCCCCCCCCCCCCCCCCCCCCCCCCCCCCCCCCCCCCCCCCCCCCCCCCCCCCCCCCCCCCCCCCCCCCCCCCCCCCCCCCCCCCCCCCCCCCCCCCCCCCCCCCCCCCCCCCCCCCCCCCCCCCCCCCCCCCCCCCCCCCCCCCCCCCCCCCCCCCCCCCCCCCCCCCCCCCCCCCCCCCCCCCCCCCCCCCCD,640,-5,215,2.9767441860465116,-0.023255813953488372,0,"[1, 0, 0]",True,214,213,1,0,1,213,0,0,1,0,0,0,0,1
19,1,5,0,"First by Tideman and Chieruzzi: (D, D)","First by Stein and Rapoport: 0.05: (D, D)",CCCCCCCCCCCCCCCCCCCCCCCCCCCCCCCCCCCCCCCCCCCCCCCCCCCCCCCCCCCCCCCCCCCCCCCCCCCCCCCCCCCCCCCCCCCCCCCCCCCCCCCCCCCCCCCCCCCCCCCCCCCCCCCCCCCCCCCCCCCCCCCCCCCCCCCCCCCCCDD,473,0,159,2.9748427672955975,0.0,0,"[0, 0, 1]",True,157,157,0,0,2,156,1,0,0,0,0,0,1,1
19,5,1,0,"First by Stein and Rapoport: 0.05: (D, D)","First by Tideman and Chieruzzi: (D, D)",CCCCCCCCCCCCCCCCCCCCCCCCCCCCCCCCCCCCCCCCCCCCCCCCCCCCCCCCCCCCCCCCCCCCCCCCCCCCCCCCCCCCCCCCCCCCCCCCCCCCCCCCCCCCCCCCCCCCCCCCCCCCCCCCCCCCCCCCCCCCCCCCCCCCCCCCCCCCCDD,473,0,159,2.9748427672955975,0.0,0,"[0, 0, 1]",True,157,157,0,0,2,156,1,0,0,0,0,0,1,1
20,1,6,0,"First by Tideman and Chieruzzi: (D, D)",Grudger,CCCCCCCCCCCCCCCCCCCCCCCCCCCCCCCCCCCCCCCCCCCCCCCCCCCCCCCCCCCCCCCCCCCCCCCCCCCCCCCCCCCCCCCCCCCCCCCCCCCCCCCCCCCCCCCCCCCCCCCCCCCCCCCCCCCCCCCCCCCCCCCCCCCCCCCCCCCCCCCCCCCCCCCCCCCCCCCCCCCCCCCCCDD,561,5,187,3.0,0.026737967914438502,1,"[1, 0, 0]",True,185,185,0,1,1,184,1,0,0,0,1,0,0,0
20,6,1,0,Grudger,"First by Tideman and Chieruzzi: (D, D)",CCCCCCCCCCCCCCCCCCCCCCCCCCCCCCCCCCCCCCCCCCCCCCCCCCCCCCCCCCCCCCCCCCCCCCCCCCCCCCCCCCCCCCCCCCCCCCCCCCCCCCCCCCCCCCCCCCCCCCCCCCCCCCCCCCCCCCCCCCCCCCCCCCCCCCCCCCCCCCCCCCCCCCCCCCCCCCCCCCCCCCCCCCD,556,-5,187,2.9732620320855614,-0.026737967914438502,0,"[1, 0, 0]",True,186,185,1,0,1,185,0,0,1,0,0,0,0,1
21,1,7,0,"First by Tideman and Chieruzzi: (D, D)",First by Davis: 10,CCCCCCCCCCCCCCCCCCCCCCCCCCCCCCCCCCCCCCCCCCCCCCCCCCCCCCCCCCCCCCCCCCCCCCCCCCCCCCCCCCCCCCCCCCCCCCCCCCCCCCCCCCCCCCCCCCCCCCCCCCCCCCCCCCCCCCCCCCCCCCCCCCCCCCCCCCCCCCCCCCCCCCDD,504,5,168,3.0,0.02976190476190476,1,"[1, 0, 0]",True,166,166,0,1,1,165,1,0,0,0,1,0,0,0
21,7,1,0,First by Davis: 10,"First by Tideman and Chieruzzi: (D, D)",CCCCCCCCCCCCCCCCCCCCCCCCCCCCCCCCCCCCCCCCCCCCCCCCCCCCCCCCCCCCCCCCCCCCCCCCCCCCCCCCCCCCCCCCCCCCCCCCCCCCCCCCCCCCCCCCCCCCCCCCCCCCCCCCCCCCCCCCCCCCCCCCCCCCCCCCCCCCCCCCCCCCCCCD,499,-5,168,2.9702380952380953,-0.02976190476190476,0,"[1, 0, 0]",True,167,166,1,0,1,166,0,0,1,0,0,0,0,1
22,1,8,0,"First by Tideman and Chieruzzi: (D, D)",First by Graaskamp: 0.05,CCCCCCCCCCCCCCCCCCCCCCCCCCCCCCCCCCCCCCCCCCCCCCCCCCCDCDDDDDCCCCCCCCCCDCCCCCCDDCCCCCCCCDCCCCCCCCCCDDCCCCDCCCCCCCCCCDDCCCCCDCCCCCCCCCCCCCDDCCCCCCCCCCDCCCCDDCCCCCDCCCCCCCCDCCCCCCDD,528,45,176,3.0,0.2556818181818182,1,"[1, 0, 0]",True,151,137,14,23,2,136,1,0,14,14,8,0,2,0
22,8,1,0,First by Graaskamp: 0.05,"First by Tideman and Chieruzzi: (D, D)",CCCCCCCCCCCCCCCCCCCCCCCCCCCCCCCCCCCCCCCCCCCCCCCCCCDCDCDDCCCCCCCCCCCDCCCCCCDCCCCCCCCCDCCCCCCCCCCDCCCCCDCCCCCCCCCCDCCCCCCDCCCCCCCCCCCCCDCCCCCCCCCCCDCCCCDCCCCCCDCCCCCCCCDCCCCCCCCC,483,-45,176,2.7443181818181817,-0.2556818181818182,0,"[1, 0, 0]",True,160,137,23,14,2,124,13,20,2,14,0,1,1,1
23,1,9,0,"First by Tideman and Chieruzzi: (D, D)",First by Downing,CDDDCDDDCDDDDDDDDDDDDDDDDDDDDDDDDDDDDDDDDDDDDDDDDDDDDDDDDDDDDDDDDDDDDDDDDDDDDDDDDDDDDDDDDDDDDDDDDDDDDDDDDDDDDDDDDDDDDDDDDDDDDDDDDDDDDDDDDDDDDDDDDDDDDDDDDDDDDDDDDDDDDDDDDDDDDDDDDDDDDDDDDDDDDDDDD,226,30,193,1.1709844559585492,0.15544041450777202,1,"[1, 0, 0]",True,3,0,3,9,181,0,0,0,3,2,7,0,180,0
23,9,1,0,First by Downing,"First by Tideman and Chieruzzi: (D, D)",DDCCDCCCDCCCDCDDDDDDDDDDDDDDDDDDDDDDDDDDDDDDDDDDDDDDDDDDDDDDDDDDDDDDDDDDDDDDDDDDDDDDDDDDDDDDDDDDDDDDDDDDDDDDDDDDDDDDDDDDDDDDDDDDDDDDDDDDDDDDDDDDDDDDDDDDDDDDDDDDDDDDDDDDDDDDDDDDDDDDDDDDDDDDDDDDD,196,-30,193,1.0155440414507773,-0.15544041450777202,0,"[1, 0, 0]",False,9,0,9,3,181,0,0,5,4,2,1,2,178,1
24,1,10,0,"First by Tideman and Chieruzzi: (D, D)","First by Feld: 1.0, 0.5, 200",CCCCCCCCCCDCDDDDDDDDDDDDDDDDDDDDDDDDDDDDDDDDDDDDDDDDDDDDDDDDDDDDDDDDDDDDDDDDDDDDDDDDDDDDDDDDDDDDDDDDDDDDDDDDDDDDDDDDDDDDDDDDDDDDDDDDDDDDDDDDDDDDDDDDDDDDDDDDDDDDDDDDDDDDDDDDDDDDDDDDDDDDDDDD,212,0,188,1.127659574468085,0.0,0,"[0, 0, 1]",True,11,9,2,2,175,9,0,0,2,1,1,0,174,1
24,10,1,0,"First by Feld: 1.0, 0.5, 200","First by Tideman and Chieruzzi: (D, D)",CCCCCCCCCDCDCDDDDDDDDDDDDDDDDDDDDDDDDDDDDDDDDDDDDDDDDDDDDDDDDDDDDDDDDDDDDDDDDDDDDDDDDDDDDDDDDDDDDDDDDDDDDDDDDDDDDDDDDDDDDDDDDDDDDDDDDDDDDDDDDDDDDDDDDDDDDDDDDDDDDDDDDDDDDDDDDDDDDDDDDDDDDDDD,212,0,188,1.127659574468085,0.0,0,"[0, 0, 1]",True,11,9,2,2,175,8,1,0,2,2,0,0,174,1
25,1,11,0,"First by Tideman and Chieruzzi: (D, D)",First by Joss: 0.9,CCCCCDCDDDDDDDDDDDDDDDDDDDDDDDDDDDDDDDDDDDDDDDDDDDDDDDDDDDDDDDDDDDDDDDDDDDDDDDDDDDDDDDDDDDDDDDDDDDDDDDDDDDDDDDDDDDDDDDDDDDDDDDDDDDDDDDDDDDDDDDDDDDDDDDDDDDDDDDDDDDDDDDDDDDDDDDDDDDDDDDDDDDDDDDDDDDDDDDDDDDDDDDDDDDDDDDDDDDDDDDDDDDDDDDDDDDDDDDD,253,0,239,1.0585774058577406,0.0,0,"[0, 0, 1]",True,6,4,2,2,231,4,0,0,2,1,1,0,230,1
25,11,1,0,First by Joss: 0.9,"First by Tideman and Chieruzzi: (D, D)",CCCCDCDCDDDDDDDDDDDDDDDDDDDDDDDDDDDDDDDDDDDDDDDDDDDDDDDDDDDDDDDDDDDDDDDDDDDDDDDDDDDDDDDDDDDDDDDDDDDDDDDDDDDDDDDDDDDDDDDDDDDDDDDDDDDDDDDDDDDDDDDDDDDDDDDDDDDDDDDDDDDDDDDDDDDDDDDDDDDDDDDDDDDDDDDDDDDDDDDDDDDDDDDDDDDDDDDDDDDDDDDDDDDDDDDDDDDDDDD,253,0,239,1.0585774058577406,0.0,0,"[0, 0, 1]",True,6,4,2,2,231,3,1,0,2,2,0,0,230,1
26,1,12,0,"First by Tideman and Chieruzzi: (D, D)",First by Tullock,CCCCCCCCCCCCCCCCDCCCCDDCDDCCCDDDCCCDDDDDDDDDDDDDDDDDDDDDDDDDDDDDDDDDDDDDDDDDDDDDDDDDDDDDDDDDDDDDDDDDDDDDDDDDDDDDDDDDDDDDDDDDDDDDDDDDDDDDDDDDDDDDDDDDDDDDDDDDDDDDDDDDDDDDDDDDDDDDDDDDDDDDDDDDDDDDDDDDDDDDDDDDDDD,279,15,207,1.3478260869565217,0.07246376811594203,1,"[1, 0, 0]",True,27,21,6,9,171,21,0,1,5,4,5,0,170,0
26,12,1,0,First by Tullock,"First by Tideman and Chieruzzi: (D, D)",CCCCCCCCCCCCCCCDCCCCDCCDCCDCDDDCCCDCCDDDDDDCDDDDDDDDDDDDDDDDDDDDDDDDDDDDDDDDDDDDDDDDDDDDDDDDDDDDDDDDDDDDDDDDDDDDDDDDDDDDDDDDDDDDDDDDDDDDDDDDDDDDDDDDDDDDDDDDDDDDDDDDDDDDDDDDDDDDDDDDDDDDDDDDDDDDDDDDDDDDDDDDDDD,264,-15,207,1.2753623188405796,-0.07246376811594203,0,"[1, 0, 0]",True,30,21,9,6,171,17,4,5,4,5,1,2,168,1
27,1,13,0,"First by Tideman and Chieruzzi: (D, D)",First by Anonymous,CDCDDDDDDDDDDDDDDCCDDDDDDDDDDDDDCDDDDDDDDDDDDDDDDDCCCCDDDDDDDDDDDDDDDDDDDDDCCDDDDDDDDDDDDDDDDDDDDDDDDDCCCCCDDDDDDDDDDDDDDCDDDDDDDDDDDDDDDCDDDDDDDDDDDDDDDDCDDDDDDDDDDDDDDDDDCDDDDDDDDDDDDDDDDDDDDDDDDDDDDDDDDDDD,599,425,208,2.8798076923076925,2.043269230769231,1,"[1, 0, 0]",True,20,9,11,96,92,9,0,0,11,10,85,0,92,0
27,13,1,0,First by Anonymous,"First by Tideman and Chieruzzi: (D, D)",DCDCDDDDDDCDDCDDCCDDDCDDDDDCDCDCDCCCCDCCDCCCDCCCCCCCCDCCCDCCDDDDCCCCDCDDDDCCDDDDDDCCCCCCDCDCCDCCDDCDCCCCCCDCDDDDCDCDDCDDCDCCDDDDCDCCDDDDCDDDCCCCDCDDDCCCCCDDCCDDCDCCDCDDCDDCDDCDDDCCDDDDCCDCCDDCDCCCCCCCDDDCCCDC,174,-425,208,0.8365384615384616,-2.043269230769231,0,"[1, 0, 0]",False,105,9,96,11,92,5,4,50,45,6,5,44,48,1
28,1,14,0,"First by Tideman and Chieruzzi: (D, D)",Random: 0.5,CDDDCCDDDDDDDCCDDDDDCCCDDDDDDCDDDDDDDCDDDDDDDDDDDDDDDDDCCDDDDDDDDDDDDDDDDDDDDDCDDDDDDDDDDDDDDDDDDDDDDDDDCCCDDDDDDDDDDDDDDDDDDDDDDDDDDDDDCCDDDDDDDDDDDDDDDDDDDDDDDDDDDDDDDDDCDDDDDDDDDD,503,340,182,2.7637362637362637,1.8681318681318682,1,"[1, 0, 0]",True,19,8,11,79,84,8,0,0,11,10,69,0,83,0
28,14,1,0,Random: 0.5,"First by Tideman and Chieruzzi: (D, D)",DDDCCDDDDDDCCCDDDCDCCCDDDCCCCDCDDCDCCDCCDDDCCDCDDDCDCCCCDDDDDDCCDDDCCCDDDCCDCCDCDDDCDCCCDCDCDCDCDCDDCDDCCCDDDCCCCDCDCDCCDCDCDCDDCCDDDDCCCDDCDCDDCCDDDDDCDDCCDDCDDCCCCDCCDCCDCDCCCCDDDD,163,-340,182,0.8956043956043956,-1.8681318681318682,0,"[1, 0, 0]",False,87,8,79,11,84,2,6,38,41,4,7,43,40,1
29,2,2,0,First by Nydegger,First by Nydegger,CCCCCCCCCCCCCCCCCCCCCCCCCCCCCCCCCCCCCCCCCCCCCCCCCCCCCCCCCCCCCCCCCCCCCCCCCCCCCCCCCCCCCCCCCCCCCCCCCCCCCCCCCCCCCCCCCCCCCCCCCCCCCCCCCCCCCCCCCCCCCCCCCCCCCCCCCCCCCCCCCCCCCCCCCCCCCCC,525,0,175,3.0,0.0,0,"[0, 0, 1]",True,175,175,0,0,0,174,0,0,0,0,0,0,0,1
29,2,2,0,First by Nydegger,First by Nydegger,CCCCCCCCCCCCCCCCCCCCCCCCCCCCCCCCCCCCCCCCCCCCCCCCCCCCCCCCCCCCCCCCCCCCCCCCCCCCCCCCCCCCCCCCCCCCCCCCCCCCCCCCCCCCCCCCCCCCCCCCCCCCCCCCCCCCCCCCCCCCCCCCCCCCCCCCCCCCCCCCCCCCCCCCCCCCCCC,525,0,175,3.0,0.0,0,"[0, 0, 1]",True,175,175,0,0,0,174,0,0,0,0,0,0,0,1
30,2,3,0,First by Nydegger,First by Grofman,CCCCCCCCCCCCCCCCCCCCCCCCCCCCCCCCCCCCCCCCCCCCCCCCCCCCCCCCCCCCCCCCCCCCCCCCCCCCCCCCCCCCCCCCCCCCCCCCCCCCCCCCCCCCCCCCCCCCCCCCCCCCCCCCCCCCCCCCCCCCCCCCCCCCCCCCCCCCCCCCCCCCCCCCCCCCCCCCCCCCCCCCCCCCCCCCCCCCCCCCCCCCCCCCCCCCCCCCCCCCCCCCCCCCCCCCCCCCCCCCCCCCCCCCCCCCCCC,765,0,255,3.0,0.0,0,"[0, 0, 1]",True,255,255,0,0,0,254,0,0,0,0,0,0,0,1
30,3,2,0,First by Grofman,First by Nydegger,CCCCCCCCCCCCCCCCCCCCCCCCCCCCCCCCCCCCCCCCCCCCCCCCCCCCCCCCCCCCCCCCCCCCCCCCCCCCCCCCCCCCCCCCCCCCCCCCCCCCCCCCCCCCCCCCCCCCCCCCCCCCCCCCCCCCCCCCCCCCCCCCCCCCCCCCCCCCCCCCCCCCCCCCCCCCCCCCCCCCCCCCCCCCCCCCCCCCCCCCCCCCCCCCCCCCCCCCCCCCCCCCCCCCCCCCCCCCCCCCCCCCCCCCCCCCCCC,765,0,255,3.0,0.0,0,"[0, 0, 1]",True,255,255,0,0,0,254,0,0,0,0,0,0,0,1
31,2,4,0,First by Nydegger,First by Shubik,CCCCCCCCCCCCCCCCCCCCCCCCCCCCCCCCCCCCCCCCCCCCCCCCCCCCCCCCCCCCCCCCCCCCCCCCCCCCCCCCCCCCCCCCCCCCCCCCCCCCCCCCCCCCCCCCCCCCCCCCCCCCCCCCCCCCCCCCCCCCCCCCCCCCCCCCCCCCCCCCCCCCCCCCCCCCCCCCCCCCCC,546,0,182,3.0,0.0,0,"[0, 0, 1]",True,182,182,0,0,0,181,0,0,0,0,0,0,0,1
31,4,2,0,First by Shubik,First by Nydegger,CCCCCCCCCCCCCCCCCCCCCCCCCCCCCCCCCCCCCCCCCCCCCCCCCCCCCCCCCCCCCCCCCCCCCCCCCCCCCCCCCCCCCCCCCCCCCCCCCCCCCCCCCCCCCCCCCCCCCCCCCCCCCCCCCCCCCCCCCCCCCCCCCCCCCCCCCCCCCCCCCCCCCCCCCCCCCCCCCCCCCC,546,0,182,3.0,0.0,0,"[0, 0, 1]",True,182,182,0,0,0,181,0,0,0,0,0,0,0,1
32,2,5,0,First by Nydegger,"First by Stein and Rapoport: 0.05: (D, D)",CCCCCCCCCCCCCCCCCCCCCCCCCCCCCCCCCCCCCCCCCCCCCCCCCCCCCCCCCCCCCCCCCCCCCCCCCCCCCCCCCCCCCCCCCCCCCCCCCCCCCCCCCCCCCCCCCCCCCCCCCCCCCCCCCCCCCCCCCCCCCCCCCCCCCCCCCCCCCCCCCCCCCCCCCCCCCCCCCC,528,-10,178,2.966292134831461,-0.056179775280898875,0,"[0, 1, 0]",True,178,176,2,0,0,176,0,1,0,0,0,0,0,1
32,5,2,0,"First by Stein and Rapoport: 0.05: (D, D)",First by Nydegger,CCCCCCCCCCCCCCCCCCCCCCCCCCCCCCCCCCCCCCCCCCCCCCCCCCCCCCCCCCCCCCCCCCCCCCCCCCCCCCCCCCCCCCCCCCCCCCCCCCCCCCCCCCCCCCCCCCCCCCCCCCCCCCCCCCCCCCCCCCCCCCCCCCCCCCCCCCCCCCCCCCCCCCCCCCCCCCCCDD,538,10,178,3.0224719101123596,0.056179775280898875,1,"[0, 1, 0]",True,176,176,0,2,0,175,1,0,0,0,1,0,0,0
33,2,6,0,First by Nydegger,Grudger,CCCCCCCCCCCCCCCCCCCCCCCCCCCCCCCCCCCCCCCCCCCCCCCCCCCCCCCCCCCCCCCCCCCCCCCCCCCCCCCCCCCCCCCCCCCCCCCCCCCCCCCCCCCCCCCCCCCCCCCCCCCCCCCCCCCCCCCCCCCCCCCCCCCCCCCCCCCCCCCCCCCCCCCCCCCCCCCCCCCCCCCC,552,0,184,3.0,0.0,0,"[0, 0, 1]",True,184,184,0,0,0,183,0,0,0,0,0,0,0,1
33,6,2,0,Grudger,First by Nydegger,CCCCCCCCCCCCCCCCCCCCCCCCCCCCCCCCCCCCCCCCCCCCCCCCCCCCCCCCCCCCCCCCCCCCCCCCCCCCCCCCCCCCCCCCCCCCCCCCCCCCCCCCCCCCCCCCCCCCCCCCCCCCCCCCCCCCCCCCCCCCCCCCCCCCCCCCCCCCCCCCCCCCCCCCCCCCCCCCCCCCCCCC,552,0,184,3.0,0.0,0,"[0, 0, 1]",True,184,184,0,0,0,183,0,0,0,0,0,0,0,1
34,2,7,0,First by Nydegger,First by Davis: 10,CCCCCCCCCCCCCCCCCCCCCCCCCCCCCCCCCCCCCCCCCCCCCCCCCCCCCCCCCCCCCCCCCCCCCCCCCCCCCCCCCCCCCCCCCCCCCCCCCCCCCCCCCCCCCCCCCCCCCCCCCCCCCCCCCCCCCCCCCCCCCCCCCCCCCCCCCCCCCCCCCCCCCCCCCCCCCC,522,0,174,3.0,0.0,0,"[0, 0, 1]",True,174,174,0,0,0,173,0,0,0,0,0,0,0,1
34,7,2,0,First by Davis: 10,First by Nydegger,CCCCCCCCCCCCCCCCCCCCCCCCCCCCCCCCCCCCCCCCCCCCCCCCCCCCCCCCCCCCCCCCCCCCCCCCCCCCCCCCCCCCCCCCCCCCCCCCCCCCCCCCCCCCCCCCCCCCCCCCCCCCCCCCCCCCCCCCCCCCCCCCCCCCCCCCCCCCCCCCCCCCCCCCCCCCCC,522,0,174,3.0,0.0,0,"[0, 0, 1]",True,174,174,0,0,0,173,0,0,0,0,0,0,0,1
35,2,8,0,First by Nydegger,First by Graaskamp: 0.05,CCCCCCCCCCCCCCCCCCCCCCCCCCCCCCCCCCCCCCCCCCCCCCCCCCCCCCCCCCCCCCCCCCCCCCCCCCCCCCCCCCCCCCCCCCCCCCCCCCCCCCCCCCCCCCCCCCCCCCCCCCCCCCCCCCCCCCCCCCCCCCCCCCCCCCCCCCCCCCCCCCCCCCCCCCCCCCCCCCCCCCCCCCCCCC,516,-90,190,2.7157894736842105,-0.47368421052631576,0,"[0, 1, 0]",True,190,172,18,0,0,171,0,18,0,0,0,0,0,1
35,8,2,0,First by Graaskamp: 0.05,First by Nydegger,CCCCCCCCCCCCCCCCCCCCCCCCCCCCCCCCCCCCCCCCCCCCCCCCCCDCCCCCCCCCCCDCCCCCCCDCCCCCCCCCCDCCCCCCDCCCCCCCCCCCDCCCCCCCCDCCCCDCCCCCDCCCCDCCCCCCCCCCDCCCCCDCCCCCDCCCCCCCCCCCDCCCCCCCCDCCCCCCCDCCCCDCCCCDCC,606,90,190,3.1894736842105265,0.47368421052631576,1,"[0, 1, 0]",True,172,172,0,18,0,153,18,0,0,18,0,0,0,0
36,2,9,0,First by Nydegger,First by Downing,CDDDDCCCCCCCCCCCCCCCCCCCCCCCCCCCCCCCCCCCCCCCCCCCCCCCCCCCCCCCCCCCCCCCCCCCCCCCCCCCCCCCCCCCCCCCCCCCCCCCCCCCCCCCCCCCCCCCCCCCCCCCCCCCCCCCCCCCCCCCCCCCCCCCCCCCCCCCCCCCCCCCCCCCCCCCCCCCCCCCCCCCCCCCCCCCCCCCCCCCCCCCCCCCCCCCCCCCC,15,-1050,217,0.06912442396313365,-4.838709677419355,0,"[0, 1, 0]",True,213,1,212,2,2,1,0,210,1,0,2,1,1,1
36,9,2,0,First by Downing,First by Nydegger,DDCCDCDDDDDDDDDDDDDDDDDDDDDDDDDDDDDDDDDDDDDDDDDDDDDDDDDDDDDDDDDDDDDDDDDDDDDDDDDDDDDDDDDDDDDDDDDDDDDDDDDDDDDDDDDDDDDDDDDDDDDDDDDDDDDDDDDDDDDDDDDDDDDDDDDDDDDDDDDDDDDDDDDDDDDDDDDDDDDDDDDDDDDDDDDDDDDDDDDDDDDDDDDDDDDDDDDDD,1065,1050,217,4.907834101382488,4.838709677419355,1,"[0, 1, 0]",False,3,1,2,212,2,0,1,1,1,0,211,2,0,0
37,2,10,0,First by Nydegger,"First by Feld: 1.0, 0.5, 200",CCCCCCCCCCCCCCCCCCCCCCCCCCCCCCCCCCCCCCCCCCCCCCCCCCCCCCCCCCCCCCCCCCCCCCCCCCCCCCCCCCCCCCCCCCCCCCCCCCCCCCCCCCCCCCCCCCCCCCCCCCCCCCCCCCCCCCCCCCCCCCCCCCCCCCCCCCCCCCCCCCCCCCCCCCCCCCCCCCCCCCCCCCCCCCCCCCCCCCCCCCCCCCCCCC,438,-320,210,2.085714285714286,-1.5238095238095237,0,"[0, 1, 0]",True,210,146,64,0,0,146,0,63,0,0,0,0,0,1
37,10,2,0,"First by Feld: 1.0, 0.5, 200",First by Nydegger,CCCCCCCCCCCCCCDCCCCCCDCCCCCCCCDCCCCCCCCCCDCCCCCCCCCCCCCCDCCCCCDDCCCCCCCCDCCCCCDCCDCCCDCCCCDCCCCCCCCCCCDCCDDCCCCDDCCCDCCCDCCCCCDDCDCDCDCDDCCDCDDDDCDDCDCCDDDDCCCCCDDCCDCCDDDCCDDCCCDDCDDCDDDDDCCCDCDDCCDDCCDCCDDCCD,758,320,210,3.6095238095238096,1.5238095238095237,1,"[0, 1, 0]",True,146,146,0,64,0,107,39,0,0,38,25,0,0,0
38,2,11,0,First by Nydegger,First by Joss: 0.9,CCCCCCCCCCCCCCCCCCCCCCCCCCCCCCCCCCCCCCCCCCCCCCCCCCCCCCCCCCCCCCCCCCCCCCCCCCCCCCCCCCCCCCCCCCCCCCCCCCCCCCCCCCCCCCCCCCCCCCCCCCCCCCCCCCCCCCCCCCCCCCCCCCCCCCCCCCCCCCCCCCCCCCCCCCCCCCCCCCCCCCCCCCCCCC,516,-90,190,2.7157894736842105,-0.47368421052631576,0,"[0, 1, 0]",True,190,172,18,0,0,171,0,18,0,0,0,0,0,1
38,11,2,0,First by Joss: 0.9,First by Nydegger,CCCCCCCCCCCCCCDCCCCCDCCCCCCCCCDDCCCCCCCCCCCCCCCDCDDCDCCCCCCCCCCCCCCCCCCCCCDCCCCCCCCCDCCCCCCDDCCCDCCCCCCCCCCCCCCCDCCCCCCCCCCDCCCCCCCCCCCCCCCCCCCDCCCCDCCCCCCCCCCCCCCCCCCCCCCCCDCCCCCCCCCCCCCCCC,606,90,190,3.1894736842105265,0.47368421052631576,1,"[0, 1, 0]",True,172,172,0,18,0,156,15,0,0,15,3,0,0,0
39,2,12,0,First by Nydegger,First by Tullock,CCCCCCCCCCCCCCCCCCCCCCCCCCCCCCCCCCCCCCCCCCCCCCCCCCCCCCCCCCCCCCCCCCCCCCCCCCCCCCCCCCCCCCCCCCCCCCCCCCCCCCCCCCCCCCCCCCCCCCCCCCCCCCCCCCCCCCCCCCCCCCCCCCCCCCCCCCCCCCCCCCCCCCCCCCCCCCCCCCCCCCCC,501,-85,184,2.722826086956522,-0.46195652173913043,0,"[0, 1, 0]",True,184,167,17,0,0,166,0,17,0,0,0,0,0,1
39,12,2,0,First by Tullock,First by Nydegger,CCCCCCCCCCCCCCCCDCCCCCCCCCCCCCCCCCCCCCCCCCCCCCCDCCCCCCCCCDCCCCCCCCCCCCDCCCCCCCDCCCCCDCCCCCCCCCCCCCCCCCCCCCCDCCCCCCCDCCCDCDCCCCCCCCCDCCCCDCCCCCCCCDCCCCCCCCCCCDCDCCCCDCCCCCCCCCCDCCCCCCCC,586,85,184,3.1847826086956523,0.46195652173913043,1,"[0, 1, 0]",True,167,167,0,17,0,149,17,0,0,17,0,0,0,0
40,2,13,0,First by Nydegger,First by Anonymous,CDDDCCCCCCCCCCCCCCCCCCCCCCCCCCCCCCCCCCCCCCCCCCCCCCCCCCCCCCCCCCCCCCCCCCCCCCCCCCCCCCCCCCCCCCCCCCCCCCCCCCCCCCCCCCCCCCCCCCCCCCCCCCCCCCCCCCCCCCCCCCCCCCCCCCCCCCCCCCCCCCCCCCCCCCCCCCCCCCCCCCCCCCCCCCCCCCCCCCCCCCCCCCCCCCCCCCC,302,-565,215,1.4046511627906977,-2.627906976744186,0,"[0, 1, 0]",True,212,97,115,2,1,97,0,113,1,0,2,1,0,1
40,13,2,0,First by Anonymous,First by Nydegger,DCCDCCDCDDCCDCCCDDDCCCDCDDCDDDDDDDCCCCCCCDDDDDDCCDCCDDDCCCDDCDDDCCCCCCCCCDDCDCCCDDDDCDCCCCDDDDCDCCCDCDCCDDDCCCDDCCDDDCDDCDCCDCCCCDDCCDDDDDCDCCDCDDCCDCCCDCDDDDCCCCDCDDDDDDCDDDCDDDCCDCDDDCCCCDDDDDDCDDCDDDDDDDCCDDDDDCD,867,565,215,4.032558139534884,2.627906976744186,1,"[0, 1, 0]",False,99,97,2,115,1,52,45,1,1,45,69,1,0,0
41,2,14,0,First by Nydegger,Random: 0.5,CDDDCDCDCDCCCCCCCCCCCCCCCCCCCCCCCCCCCCCCCCCCCCCCCCCCCCCCCCCCCCCCCCCCCCCCCCCCCCCCCCCCCCCCCCCCCCCCCCCCCCCCCCCCCCCCCCCCCCCCCCCCCCCCCCCCCCCCCCCCCCCCCCCCCCCCCCCCCCCCCCCCCCCCCCCCCCCCCCCCCCCCCCCCCCCCCCCCCCC,268,-535,199,1.3467336683417086,-2.6884422110552766,0,"[0, 1, 0]",True,193,82,111,4,2,81,0,107,4,2,2,2,0,1
41,14,2,0,Random: 0.5,First by Nydegger,DCCDDCDCDDDDDDDDDDCDCDDDCDCDDCCDCDDDCCDDDDDDDDCCCDCDCDCCCCCCDCDDDCCCCDDCCCCCDCDCCDDCDCDCDDDDDDDDCCDDCCDDDCDCDDDDCDDDCCCDDDCCCDDDDCDDCCDDDCDCDDCCCCCDCCDCDDCDCDDCDDCDDCDCDDCCCCCCDDCDDDDCDCDDCCDDDDDCCDC,803,535,199,4.035175879396985,2.6884422110552766,1,"[0, 1, 0]",False,86,82,4,111,2,36,45,1,3,49,62,0,2,0
42,3,3,0,First by Grofman,First by Grofman,CCCCCCCCCCCCCCCCCCCCCCCCCCCCCCCCCCCCCCCCCCCCCCCCCCCCCCCCCCCCCCCCCCCCCCCCCCCCCCCCCCCCCCCCCCCCCCCCCCCCCCCCCCCCCCCCCCCCCCCCCCCCCCCCCCCCCCCCCCCCCCCCCCCCCCCCCCCCCCCCCCCCCCCCCCCCCCCCCCCCCCC,549,0,183,3.0,0.0,0,"[0, 0, 1]",True,183,183,0,0,0,182,0,0,0,0,0,0,0,1
42,3,3,0,First by Grofman,First by Grofman,CCCCCCCCCCCCCCCCCCCCCCCCCCCCCCCCCCCCCCCCCCCCCCCCCCCCCCCCCCCCCCCCCCCCCCCCCCCCCCCCCCCCCCCCCCCCCCCCCCCCCCCCCCCCCCCCCCCCCCCCCCCCCCCCCCCCCCCCCCCCCCCCCCCCCCCCCCCCCCCCCCCCCCCCCCCCCCCCCCCCCCC,549,0,183,3.0,0.0,0,"[0, 0, 1]",True,183,183,0,0,0,182,0,0,0,0,0,0,0,1
43,3,4,0,First by Grofman,First by Shubik,CCCCCCCCCCCCCCCCCCCCCCCCCCCCCCCCCCCCCCCCCCCCCCCCCCCCCCCCCCCCCCCCCCCCCCCCCCCCCCCCCCCCCCCCCCCCCCCCCCCCCCCCCCCCCCCCCCCCCCCCCCCCCCCCCCCCCCCCCCCCCCCCCCCCCCCCCCCCCCCCCCCCCCCCCCCCCCCCCCCCCCCCCCCCCCCCCCCCCCCCCCCCCC,618,0,206,3.0,0.0,0,"[0, 0, 1]",True,206,206,0,0,0,205,0,0,0,0,0,0,0,1
43,4,3,0,First by Shubik,First by Grofman,CCCCCCCCCCCCCCCCCCCCCCCCCCCCCCCCCCCCCCCCCCCCCCCCCCCCCCCCCCCCCCCCCCCCCCCCCCCCCCCCCCCCCCCCCCCCCCCCCCCCCCCCCCCCCCCCCCCCCCCCCCCCCCCCCCCCCCCCCCCCCCCCCCCCCCCCCCCCCCCCCCCCCCCCCCCCCCCCCCCCCCCCCCCCCCCCCCCCCCCCCCCCCC,618,0,206,3.0,0.0,0,"[0, 0, 1]",True,206,206,0,0,0,205,0,0,0,0,0,0,0,1
44,3,5,0,First by Grofman,"First by Stein and Rapoport: 0.05: (D, D)",CCCCCCCCCCCCCCCCCCCCCCCCCCCCCCCCCCCCCCCCCCCCCCCCCCCCCCCCCCCCCCCCCCCCCCCCCCCCCCCCCCCCCCCCCCCCCCCCCCCCCCCCCCCCCCCCCCCCCCCCCCCCCCCCCCCCCCCCCCCCCCCCCCCCCCCCCCCCCCCCCCCCCCCCCCCCCCCCCCCCCCCCCCCCCCCCCCCCCCCCCCCCCCCCCCCCCCCCCCCCCCCCCCCCCCCCCCCCCCCCC,717,-10,241,2.975103734439834,-0.04149377593360996,0,"[0, 1, 0]",True,241,239,2,0,0,239,0,1,0,0,0,0,0,1
44,5,3,0,"First by Stein and Rapoport: 0.05: (D, D)",First by Grofman,CCCCCCCCCCCCCCCCCCCCCCCCCCCCCCCCCCCCCCCCCCCCCCCCCCCCCCCCCCCCCCCCCCCCCCCCCCCCCCCCCCCCCCCCCCCCCCCCCCCCCCCCCCCCCCCCCCCCCCCCCCCCCCCCCCCCCCCCCCCCCCCCCCCCCCCCCCCCCCCCCCCCCCCCCCCCCCCCCCCCCCCCCCCCCCCCCCCCCCCCCCCCCCCCCCCCCCCCCCCCCCCCCCCCCCCCCCCCCCCDD,727,10,241,3.016597510373444,0.04149377593360996,1,"[0, 1, 0]",True,239,239,0,2,0,238,1,0,0,0,1,0,0,0
45,3,6,0,First by Grofman,Grudger,CCCCCCCCCCCCCCCCCCCCCCCCCCCCCCCCCCCCCCCCCCCCCCCCCCCCCCCCCCCCCCCCCCCCCCCCCCCCCCCCCCCCCCCCCCCCCCCCCCCCCCCCCCCCCCCCCCCCCCCCCCCCCCCCCCCCCCCCCCCCCCCCCCCCCCCCCCCCCCCCCCCCCCCCCCCCCCCCCCCCCCCCCCCCCCCCCCCCCCCCCCCCCCCCCCCCCCCCCCCCCC,666,0,222,3.0,0.0,0,"[0, 0, 1]",True,222,222,0,0,0,221,0,0,0,0,0,0,0,1
45,6,3,0,Grudger,First by Grofman,CCCCCCCCCCCCCCCCCCCCCCCCCCCCCCCCCCCCCCCCCCCCCCCCCCCCCCCCCCCCCCCCCCCCCCCCCCCCCCCCCCCCCCCCCCCCCCCCCCCCCCCCCCCCCCCCCCCCCCCCCCCCCCCCCCCCCCCCCCCCCCCCCCCCCCCCCCCCCCCCCCCCCCCCCCCCCCCCCCCCCCCCCCCCCCCCCCCCCCCCCCCCCCCCCCCCCCCCCCCCCC,666,0,222,3.0,0.0,0,"[0, 0, 1]",True,222,222,0,0,0,221,0,0,0,0,0,0,0,1
46,3,7,0,First by Grofman,First by Davis: 10,CCCCCCCCCCCCCCCCCCCCCCCCCCCCCCCCCCCCCCCCCCCCCCCCCCCCCCCCCCCCCCCCCCCCCCCCCCCCCCCCCCCCCCCCCCCCCCCCCCCCCCCCCCCCCCCCCCCCCCCCCCCCCCCCCCCCCCCCCCCCCCCCCCCCCCCCCCCCCCCCCCCCCCCCCCCCCCCCCCCCCCCCCCCCC,567,0,189,3.0,0.0,0,"[0, 0, 1]",True,189,189,0,0,0,188,0,0,0,0,0,0,0,1
46,7,3,0,First by Davis: 10,First by Grofman,CCCCCCCCCCCCCCCCCCCCCCCCCCCCCCCCCCCCCCCCCCCCCCCCCCCCCCCCCCCCCCCCCCCCCCCCCCCCCCCCCCCCCCCCCCCCCCCCCCCCCCCCCCCCCCCCCCCCCCCCCCCCCCCCCCCCCCCCCCCCCCCCCCCCCCCCCCCCCCCCCCCCCCCCCCCCCCCCCCCCCCCCCCCCC,567,0,189,3.0,0.0,0,"[0, 0, 1]",True,189,189,0,0,0,188,0,0,0,0,0,0,0,1
47,3,8,0,First by Grofman,First by Graaskamp: 0.05,CCCCCCCCCCCCCCCCCCCCCCCCCCCCCCCCCCCCCCCCCCCCCCCCCCCCCCCCCCCCCCCDCCCCCCCCCCCCCCCCCCCCCCCDCCCCDCCCCCCCCCCCCCCCCDDDCCCCCCCDDCCCCCCCCCCCDDDDCCCCCCCDDCCCCCCCCCCCDDCCCCCCCCCCCCDDCCCCCCCCDCCCCCCC,557,20,188,2.9627659574468086,0.10638297872340426,1,"[1, 0, 0]",True,169,154,15,19,0,153,0,5,10,10,9,0,0,0
47,8,3,0,First by Graaskamp: 0.05,First by Grofman,CCCCCCCCCCCCCCCCCCCCCCCCCCCCCCCCCCCCCCCCCCCCCCCCCCDCCCCCCCCCCCDCCCCCCCCCCCDCCCCCCCCCCCDCCCCDCCCCCCCCDCCCCCCCDCCCCCCCCCDCCCCCCCCCCCCDCCCCCCCCCCDCCCCCCDCCCCCDCCCCDCCCCCCCCDCCCCCCCCCDCCCCCCCC,537,-20,188,2.856382978723404,-0.10638297872340426,0,"[1, 0, 0]",True,173,154,19,15,0,138,15,19,0,15,0,0,0,1
48,3,9,0,First by Grofman,First by Downing,CDCCDCCCCCDDCDCDCDCCCDCDCDCCDCDCDCDCDCDCDCDCDCDCCDCDCDCCCDCDCDCDCDCDCCDCDCDCDCDCDCDCDCDCDCDCCDCCDCCCDCCCDCCDCDCDCDCDCDCDCDCCDCDCCCDCCCDCDCDCDCDCDCDCDCCDCCDCCDCDCDCDCCDCDCDCDCDCDCDCCDCCCDCDCDCDCDCCCDCDCDCCDCDC,104,-580,208,0.5,-2.7884615384615383,0,"[0, 1, 0]",True,121,3,118,2,85,3,0,31,86,1,1,85,0,1
48,9,3,0,First by Downing,First by Grofman,DDCDCDCDCDCDDDDDDDDDDDDDDDDDDDDDDDDDDDDDDDDDDDDDDDDDDDDDDDDDDDDDDDDDDDDDDDDDDDDDDDDDDDDDDDDDDDDDDDDDDDDDDDDDDDDDDDDDDDDDDDDDDDDDDDDDDDDDDDDDDDDDDDDDDDDDDDDDDDDDDDDDDDDDDDDDDDDDDDDDDDDDDDDDDDDDDDDDDDDDDDDDDDDD,684,580,208,3.2884615384615383,2.7884615384615383,1,"[0, 1, 0]",False,5,3,2,118,85,0,3,0,2,4,113,1,84,0
49,3,10,0,First by Grofman,"First by Feld: 1.0, 0.5, 200",CCCCCCCCCCCCCCCCCCCCCCCCCCCCCCCCCCCCCCCDDCDDCCCCCCCCCCCCCCDDCDCDCDDCDDCDDCCCCCCCCCCCCCCCDCDCDDCDDCDCDDCCDDCCCCDDCDCCCCCDCDCDCDCDCCCCDDCCCCCDDCDCDDCDCDDCDCDDCCCDDCDCDCDDCCCDCDCDCDCCCCCDCDCCCDCDDCDCCCDDC,413,-155,201,2.054726368159204,-0.7711442786069652,0,"[0, 1, 0]",True,137,75,62,31,33,75,0,17,44,11,20,33,0,1
49,10,3,0,"First by Feld: 1.0, 0.5, 200",First by Grofman,CCCCCCCCCCCCCCCCCCCCCCCCCCCCCCCCCCCCCDDCDDCDDCCDCCCCCCCCDDCDDCDCDCDDCDDCDDCCCCCCDCCCCCCDCDDDCDDCDDCDCDDDCDDCCDCDDDDCCCDDDCDDDCDDDCCDCDDCDCDCDDCDCDDCDCDDCDCDDCDCDDDDDDCDDCDCDDDDDDDCCCDDDDDCDCDCDDDDCDCDD,568,155,201,2.825870646766169,0.7711442786069652,1,"[0, 1, 0]",True,106,75,31,62,33,60,15,0,31,45,16,0,33,0
50,3,11,0,First by Grofman,First by Joss: 0.9,CCCCCCCDDCDDCDDCDCDDCDDCDDCCCCCCCDDCDDCDDCDCDDCCCCCCCCCCCCCCCCCCCCCCCCCCCCCCCCCCDDCCCCCCCCCCCCCCCCCCCCCCCCCCCCCCCCCCCCCCCCCDDCDDCCCCCCCCDDCDDCCCCDDCDCCDDCDDCDCDDCDDCDDCCCCCCDDCCCCCCCDCDDCDDCDCDDCCCCCCCCCCCCCCC,492,-85,209,2.354066985645933,-0.40669856459330145,0,"[0, 1, 0]",True,153,108,45,28,28,108,0,13,31,3,25,28,0,1
50,11,3,0,First by Joss: 0.9,First by Grofman,CCCCCCDCDDCDDCDDDDCDDCDDCDDCCCCCDCDDCDDCDDCDCDDCCCCCCCCCCCCCCCCCCCCCCDCCCCCCCCCDCDDCCCCCCCCCCCCCCCCDCCCCCCCCCCCCCCCCCCCCCCDCDDCDDCCCCCCDCDDCDDCCDCDDCDDCDDCDDDDCDDCDDCDDCCCCDCDDCCCCCDDDCDDCDDCDCDDCDCCDCCCCCCCCD,577,85,209,2.7607655502392343,0.40669856459330145,1,"[0, 1, 0]",True,136,108,28,45,28,95,13,0,28,40,4,0,28,0
51,3,12,0,First by Grofman,First by Tullock,CCCCCCCCCCCCCCCCCCCDDCCCCCCCCCDDCCDCDCDCCCDDCCCCCDCCCDCDCCCCCCCCCCCCCCCCCCCCCCCCCCCCCDDDCCCDCCCDDCCCCCCCCCCCCCCCCCCCCCCCCCCCCCCCCCCCCCCCCCCCCCCCCCCCCCCCCCCCCCCCCCCCCCCCCCCC,468,-40,172,2.7209302325581395,-0.23255813953488372,0,"[0, 1, 0]",True,154,134,20,12,6,133,0,8,12,6,6,6,0,1
51,12,3,0,First by Tullock,First by Grofman,CCCCCCCCCCCCCCCCCCDCCCCDDDCCCDCCCDCDCDDCCDCDCCCCDCCDDCDDCCDCDCCCCCCCCCCCCCCCCCCCCCCCDCCDCCDDCCDCDCCCCCDCCCCCCCCCCCCCCCCCCCCCCCCCCCCCCCCCDCCCCCCCCCCCCCCCCCCCCCCCCCCCCCCCCCCC,508,40,172,2.953488372093023,0.23255813953488372,1,"[0, 1, 0]",True,146,134,12,20,6,119,14,6,6,14,6,6,0,0
52,3,13,0,First by Grofman,First by Anonymous,CCDCDCDCCCDDCCCCDCCCCCCCCCCCDDDCDDCDCDCDCDCCCCCCCCDCDDDCDDDCDDDCCCDCCCCDCDCDCCCCCDDDCCCDDCCCDDDCDCCCCCDCDCCDDDCCCCDDDDCCCDDCDDCDCCCCCDCDCDCCDCDCCCCCCCCCDCDCDCDCDDCDDCDCCCDCDCCCCCCCDDDCCDCCCDCDCCCCCCDCCDDDDCDCCCCDCD,415,-175,214,1.939252336448598,-0.8177570093457944,0,"[0, 1, 0]",True,132,55,77,42,40,55,0,24,53,12,29,40,0,1
52,13,3,0,First by Anonymous,First by Grofman,CDDDDDDCDDCDDDCDCCDCCCDCCDCDCCDDCDDDDCDDDDCDDCDCCDCDCCDDCCDDCCDCCDCDCDDDDDDDCDDCDCCDCCDCDCCDCCDDDCCCCDCDDCDCCDCDCDCCCDCCDCDDCDDCCCCCDDDCDDCDDDCCCCCCDDDDDDDDDDDDCDDCCDCCCDCDCDDCCCCDCCDCDDCCDDDDDCDDCDDCDCCCDDDDCDDDDC,590,175,214,2.7570093457943927,0.8177570093457944,1,"[0, 1, 0]",True,97,55,42,77,40,23,32,17,24,42,35,14,26,0
53,3,14,0,First by Grofman,Random: 0.5,CDDCCDCCCDCDCDDDCCDCDDCCCDCDDDDCCCCDDCDDDDCDCCCDDCCDDDCCCCDCCDDCDCDDCCCCDCDCDDCDCCCCDCCDCCCCCDCDCCCCDCCDCDDCCDDCDCDCCCCCCCCCCCDCCCDCDDCCCCCDDCCCCDCDCCDDCCCCDCDDCDCCDDDCD,375,-55,169,2.2189349112426036,-0.3254437869822485,0,"[0, 1, 0]",True,100,50,50,39,30,50,0,6,44,13,25,30,0,1
53,14,3,0,Random: 0.5,First by Grofman,DCDCDDCCDDDDDCCDCDDDCDCCDDDCCCCCCCDCDDCCCDDDCCDCCCDCCDCCCDDDDCDDDDCCCCCDCDCDCDDCCCCDDCDCDCCCDDDDCCCDCCDCDCDDDCDDDDDCCCCCCDCCCDDCCDDDCDCDCCDCCCCCDCDCCDCDCCDDDDCCDDCDCCDDC,430,55,169,2.544378698224852,0.3254437869822485,1,"[0, 1, 0]",False,89,50,39,50,30,27,23,19,19,30,20,13,17,0
54,4,4,0,First by Shubik,First by Shubik,CCCCCCCCCCCCCCCCCCCCCCCCCCCCCCCCCCCCCCCCCCCCCCCCCCCCCCCCCCCCCCCCCCCCCCCCCCCCCCCCCCCCCCCCCCCCCCCCCCCCCCCCCCCCCCCCCCCCCCCCCCCCCCCCCCCCCCCCCCCCCCCCCCCCCCCCCCCCCCCCCCCCCCCCCCCCCCCCCCCCC,543,0,181,3.0,0.0,0,"[0, 0, 1]",True,181,181,0,0,0,180,0,0,0,0,0,0,0,1
54,4,4,0,First by Shubik,First by Shubik,CCCCCCCCCCCCCCCCCCCCCCCCCCCCCCCCCCCCCCCCCCCCCCCCCCCCCCCCCCCCCCCCCCCCCCCCCCCCCCCCCCCCCCCCCCCCCCCCCCCCCCCCCCCCCCCCCCCCCCCCCCCCCCCCCCCCCCCCCCCCCCCCCCCCCCCCCCCCCCCCCCCCCCCCCCCCCCCCCCCCC,543,0,181,3.0,0.0,0,"[0, 0, 1]",True,181,181,0,0,0,180,0,0,0,0,0,0,0,1
55,4,5,0,First by Shubik,"First by Stein and Rapoport: 0.05: (D, D)",CCCCCCCCCCCCCCCCCCCCCCCCCCCCCCCCCCCCCCCCCCCCCCCCCCCCCCCCCCCCCCCCCCCCCCCCCCCCCCCCCCCCCCCCCCCCCCCCCCCCCCCCCCCCCCCCCCCCCCCCCCCCCCCCCCCCCCCCCCCCCCCCCCCCCCCCCCCCCCCCCCCCCCCCCCCCCCCCCCCCCCCCCCCCCCCCCCCCCCCCD,598,-5,201,2.9751243781094527,-0.024875621890547265,0,"[0, 1, 0]",True,200,199,1,0,1,199,0,0,1,0,0,0,0,1
55,5,4,0,"First by Stein and Rapoport: 0.05: (D, D)",First by Shubik,CCCCCCCCCCCCCCCCCCCCCCCCCCCCCCCCCCCCCCCCCCCCCCCCCCCCCCCCCCCCCCCCCCCCCCCCCCCCCCCCCCCCCCCCCCCCCCCCCCCCCCCCCCCCCCCCCCCCCCCCCCCCCCCCCCCCCCCCCCCCCCCCCCCCCCCCCCCCCCCCCCCCCCCCCCCCCCCCCCCCCCCCCCCCCCCCCCCCCCCDD,603,5,201,3.0,0.024875621890547265,1,"[0, 1, 0]",True,199,199,0,1,1,198,1,0,0,0,1,0,0,0
56,4,6,0,First by Shubik,Grudger,CCCCCCCCCCCCCCCCCCCCCCCCCCCCCCCCCCCCCCCCCCCCCCCCCCCCCCCCCCCCCCCCCCCCCCCCCCCCCCCCCCCCCCCCCCCCCCCCCCCCCCCCCCCCCCCCCCCCCCCCCCCCCCCCCCCCCCCCCCCCCCCCCCCCCCCCCCCCCCCCCCCCCCCCCCCCCCCCCCCCCCCCCCCCCCCCCCCCCCCCCCC,609,0,203,3.0,0.0,0,"[0, 0, 1]",True,203,203,0,0,0,202,0,0,0,0,0,0,0,1
56,6,4,0,Grudger,First by Shubik,CCCCCCCCCCCCCCCCCCCCCCCCCCCCCCCCCCCCCCCCCCCCCCCCCCCCCCCCCCCCCCCCCCCCCCCCCCCCCCCCCCCCCCCCCCCCCCCCCCCCCCCCCCCCCCCCCCCCCCCCCCCCCCCCCCCCCCCCCCCCCCCCCCCCCCCCCCCCCCCCCCCCCCCCCCCCCCCCCCCCCCCCCCCCCCCCCCCCCCCCCCC,609,0,203,3.0,0.0,0,"[0, 0, 1]",True,203,203,0,0,0,202,0,0,0,0,0,0,0,1
57,4,7,0,First by Shubik,First by Davis: 10,CCCCCCCCCCCCCCCCCCCCCCCCCCCCCCCCCCCCCCCCCCCCCCCCCCCCCCCCCCCCCCCCCCCCCCCCCCCCCCCCCCCCCCCCCCCCCCCCCCCCCCCCCCCCCCCCCCCCCCCCCCCCCCCCCCCCCCCCCCCCCCCCCCCCCCCCCCCCCCCCCCCCCCCCCCCCCCCCCCCCCCCCCCCCCCCCCCCCCCCCCCCCCCCCCCCCCCCCCC,654,0,218,3.0,0.0,0,"[0, 0, 1]",True,218,218,0,0,0,217,0,0,0,0,0,0,0,1
57,7,4,0,First by Davis: 10,First by Shubik,CCCCCCCCCCCCCCCCCCCCCCCCCCCCCCCCCCCCCCCCCCCCCCCCCCCCCCCCCCCCCCCCCCCCCCCCCCCCCCCCCCCCCCCCCCCCCCCCCCCCCCCCCCCCCCCCCCCCCCCCCCCCCCCCCCCCCCCCCCCCCCCCCCCCCCCCCCCCCCCCCCCCCCCCCCCCCCCCCCCCCCCCCCCCCCCCCCCCCCCCCCCCCCCCCCCCCCCCCC,654,0,218,3.0,0.0,0,"[0, 0, 1]",True,218,218,0,0,0,217,0,0,0,0,0,0,0,1
58,4,8,0,First by Shubik,First by Graaskamp: 0.05,CCCCCCCCCCCCCCCCCCCCCCCCCCCCCCCCCCCCCCCCCCCCCCCCCCCDCDDCDDDCCCDDDDCCCCCCDDDDDCCCDDDDDDCCCCCCCDDDDDDDCCCDDDDDDDDCCCDDDDDDDDDCCCCCDDDDDDDDDDCCCCDDDDDDDDDDDCDDDDDDDDDDDDCDDDDDDDDDDDDDCDDDDDDDDDDDDDDCDDDDDDDDDDDDDDDCDDDDDDDDDDDD,604,225,224,2.6964285714285716,1.0044642857142858,1,"[1, 0, 0]",True,92,76,16,61,71,76,0,0,16,9,52,6,64,0
58,8,4,0,First by Graaskamp: 0.05,First by Shubik,CCCCCCCCCCCCCCCCCCCCCCCCCCCCCCCCCCCCCCCCCCCCCCCCCCDCDCDDCCCCCDCCCCCCCCCDCCCCCCCDCCCCCCCCCCCCDCCCCCCCCCDCCCCCDCCCCDCCCCCCCCCCCCCDCCCCCCCCCCCCCDCCCCCCCCDDDDDDDDDDDDDDDDDDDDDDDDDDDDDDDDDDDDDDDDDDDDDDDDDDDDDDDDDDDDDDDDDDDDDDDDDD,379,-225,224,1.6919642857142858,-1.0044642857142858,0,"[1, 0, 0]",True,137,76,61,16,71,67,9,57,4,11,5,1,69,1
59,4,9,0,First by Shubik,First by Downing,CDCCDDCCDDDCDDDDCDDDDDCDDDDDDCCDDDDDDDCCDDDDDDDDCCDDDDDDDDDCDDDDDDDDDDCDDDDDDDDDDDCDDDDDDDDDDDDCDDDDDDDDDDDDDCDDDDDDDDDDDDDDCDDDDDDDDDDDDDDDCDDDDDDDDDDDDDDDDCCDDDDDDDDDDDDDDDDDCDDDDDDDDDDD,246,-10,188,1.3085106382978724,-0.05319148936170213,0,"[0, 1, 0]",True,24,6,18,16,148,6,0,0,18,3,13,14,133,1
59,9,4,0,First by Downing,First by Shubik,DDCDCDCDDDCDCDCDDDDDDDDDDDDDDCDCDDDDDDCDCDDDDDDDCDCDDDDDDDCDCCDDDDDDDDDDDDDDDDDCDDDDDDDDDDDDDDDDDDDDDDDDDDDDDDDDDDDDDDDDDDDCDCCDDDDDDDDDDDDDDDDDDDDDDDDDDDDDDCDCDDDDDCDDDDDDDDDDDDDDDDDDDDDD,256,10,188,1.3617021276595744,0.05319148936170213,1,"[0, 1, 0]",False,22,6,16,18,148,0,6,2,14,8,10,12,135,0
60,4,10,0,First by Shubik,"First by Feld: 1.0, 0.5, 200",CCCCCCCCCCCCCDCDDCDDDCDDDDCDDDDDCDDDDDDCDDDDDDDCDDDDDDDDCDDDDDDDDDCDDDDDDDDDDCDDDDDDDDDDDCDDDDDDDDDDDDCDDDDDDDDDDDDDCDDDDDDDDDDDDDDCDDDDDDDDDDDDDDDCDDDDDDDDDDDDDDDDCDDDDDDDDDDDDDDDDDCDDDDDDDDDD,263,-10,193,1.3626943005181347,-0.05181347150259067,0,"[0, 1, 0]",True,30,12,18,16,147,12,0,0,18,1,15,16,130,1
60,10,4,0,"First by Feld: 1.0, 0.5, 200",First by Shubik,CCCCCCCCCCCCDCDCDDCDDDCDDDDCDDDDDCDDDDDDCDDDDDDDCDDDDDDDDCDDDDDDDDDCDDDDDDDDDDCDDDDDDDDDDDCDDDDDDDDDDDDCDDDDDDDDDDDDDDDDDDDDDDDDDDDDCDDDDDDDDDDDDDDDDDDDDDDDDDDDDDDDDCDDDDDDDDDDDDDDDDDCDDDDDDDDD,273,10,193,1.4145077720207253,0.05181347150259067,1,"[0, 1, 0]",True,28,12,16,18,147,11,1,0,16,16,2,0,146,0
61,4,11,0,First by Shubik,First by Joss: 0.9,CCCCCCCCCCCCDCDDCDDDCDDDDCDDDDDCDDDDDDCDDDDDDDCDDDDDDDDCDDDDDDDDDCDDDDDDDDDDCDDDDDDDDDDDCDDDDDDDDDDDDCDDDDDDDDDDDDDCDDDDDDDDDDDDDDCDDDDDDDDDDDDDDDCDDDDDDDDDDDDDDDDCDDDDDDDDDDDDDDDDDCDDDDDDDDDDDDDDDDDDCDDDDDDDDDDDD,292,0,213,1.3708920187793427,0.0,0,"[0, 0, 1]",True,30,11,19,19,164,11,0,0,19,1,18,17,146,1
61,11,4,0,First by Joss: 0.9,First by Shubik,CCCCCCCCCCCDCDCDDCDDDCDDDDCDDDDDCDDDDDDCDDDDDDDCDDDDDDDDCDDDDDDDDDCDDDDDDDDDDCDDDDDDDDDDDCDDDDDDDDDDDDCDDDDDDDDDDDDDCDDDDDDDDDDDDDDCDDDDDDDDDDDDDDDCDDDDDDDDDDDDDDDDCDDDDDDDDDDDDDDDDDCDDDDDDDDDDDDDDDDDDCDDDDDDDDDDD,292,0,213,1.3708920187793427,0.0,0,"[0, 0, 1]",True,30,11,19,19,164,10,1,0,19,19,0,0,163,1
62,4,12,0,First by Shubik,First by Tullock,CCCCCCCCCCCCCDCCDDCCDDDCCCDDDDCDDDDDCDDDDDDCDDDDDDDCDDDDDDDDCDDDDDDDDDCDDDDDDDDDDCDDDDDDDDDDDCDDDDDDDDDDDDCDDDDDDDDDDDDDCDDDDDDDDDDDDDDCDDDDDDDDDDDDDDDCDDDDDDDDDDDDDDDDCDDDDDDDDDDDDDDDDDCDDDDDDDDDDDDDDD,244,-55,202,1.2079207920792079,-0.2722772277227723,0,"[0, 1, 0]",True,34,16,18,7,161,16,0,0,18,2,5,15,145,1
62,12,4,0,First by Tullock,First by Shubik,CCCCCCCCCCCCDCCDCCCDDCDCCDDCDDDCCDDDDDDDDDDDDDDDDDDDDDDDDDDDDDDDDDDDDDDDDDDDDDDDDDDDDDDDDDDDDDDDDDDDDDDDDDDDDDDDDDDDDDDDDDDDDDDDDDDDDDDDDDDDDDDDDDDDDDDDDDDDDDDDDDDDDDDDDDDDDDDDDDDDDDDDDDDDDDDDDDDDDDDDDD,299,55,202,1.4801980198019802,0.2722772277227723,1,"[0, 1, 0]",True,23,16,7,18,161,12,4,4,3,3,15,3,157,0
63,4,13,0,First by Shubik,First by Anonymous,CCCCCDCDDCCDDDCDDDDCDDDDDCCCDDDDDDCDDDDDDDCCCDDDDDDDDCCCCDDDDDDDDDCCDDDDDDDDDDCCDDDDDDDDDDDCDDDDDDDDDDDDCDDDDDDDDDDDDDCCCDDDDDDDDDDDDDDCCDDDDDDDDDDDDDDDCDDDDDDDDDDDDDDDDCCCCCDDDD,459,235,178,2.5786516853932584,1.3202247191011236,1,"[1, 0, 0]",True,38,21,17,64,76,21,0,0,17,4,59,12,64,0
63,13,4,0,First by Anonymous,First by Shubik,CCCCDDDCDCDCDDDDDCDDCCCDDCCDDCCCDDDDDDCCDDCCDDDDDCDCDCCCDDDDDCCDDDCDCCCCDDCCDCCDDDCDDDDCDCDDCDDCCDDDDCDDDCCCDCDCCDDDCCCCDDCCDCCCCCDDCCCCDCDDCCCDDDCCCCDDDCCDDDDDDDDCCDDCCCCCCDCCDC,224,-235,178,1.2584269662921348,-1.3202247191011236,0,"[1, 0, 0]",True,85,21,64,17,76,11,10,35,28,9,8,29,47,1
64,4,14,0,First by Shubik,Random: 0.5,CDCDDCDDDCDDDDCDDDDDCDDDDDDCDDDDDDDCDDDDDDDDCCDDDDDDDDDCCCCDDDDDDDDDDCCDDDDDDDDDDDCCDDDDDDDDDDDDCDDDDDDDDDDDDDCDDDDDDDDDDDDDDCDDDDDDDDDDDDDDDCCCDDDDDDDDDDDDDDDDCDDDDDDDDDDDDDDDDDCCDDDDDDDDDDDDDDDDDDCCDDDDDDDDDDDDDDDDDDDCCC,629,405,222,2.8333333333333335,1.8243243243243243,1,"[1, 0, 0]",True,32,13,19,100,90,12,0,0,19,13,87,6,84,0
64,14,4,0,Random: 0.5,First by Shubik,DDDDCDDCCDCDCCDDDDCCDCDCCDCDCDCCDCDDCDDCDDDDCDDCDDCDCDCCCCDCCDDCDDCCDCDDDCDDCDDCDDCDCCCDCDCCDCDCDCCDDCCDCCCCCDDDDDDCDCDDCCDDCDDDCCCDDDDCDCDDCCCDDCCCDCCCDDCCDDDCDCCDDDCCDCCCCDDDCCCDCCCDDDCCCCCDDCDCDCCDCDDDCDCCCCCDCCCDDCCCCC,224,-405,222,1.009009009009009,-1.8243243243243243,0,"[1, 0, 0]",False,113,13,100,19,90,5,7,48,52,10,9,50,40,1
65,5,5,0,"First by Stein and Rapoport: 0.05: (D, D)","First by Stein and Rapoport: 0.05: (D, D)",CCCCCCCCCCCCCCCCCCCCCCCCCCCCCCCCCCCCCCCCCCCCCCCCCCCCCCCCCCCCCCCCCCCCCCCCCCCCCCCCCCCCCCCCCCCCCCCCCCCCCCCCCCCCCCCCCCCCCCCCCCCCCCCCCCCCCCCCCCCCCCCCCCCCCCCCCCCCCCCCCCCCCCDD,500,0,168,2.9761904761904763,0.0,0,"[0, 0, 1]",True,166,166,0,0,2,165,1,0,0,0,0,0,1,1
65,5,5,0,"First by Stein and Rapoport: 0.05: (D, D)","First by Stein and Rapoport: 0.05: (D, D)",CCCCCCCCCCCCCCCCCCCCCCCCCCCCCCCCCCCCCCCCCCCCCCCCCCCCCCCCCCCCCCCCCCCCCCCCCCCCCCCCCCCCCCCCCCCCCCCCCCCCCCCCCCCCCCCCCCCCCCCCCCCCCCCCCCCCCCCCCCCCCCCCCCCCCCCCCCCCCCCCCCCCCCDD,500,0,168,2.9761904761904763,0.0,0,"[0, 0, 1]",True,166,166,0,0,2,165,1,0,0,0,0,0,1,1
66,5,6,0,"First by Stein and Rapoport: 0.05: (D, D)",Grudger,CCCCCCCCCCCCCCCCCCCCCCCCCCCCCCCCCCCCCCCCCCCCCCCCCCCCCCCCCCCCCCCCCCCCCCCCCCCCCCCCCCCCCCCCCCCCCCCCCCCCCCCCCCCCCCCCCCCCCCCCCCCCCCCCCCCCCCCCCCCCCCCCCCCCCCCCCCCCCCCCCCCCCCCCCCCCCCCCCCCCCCCCCCCCCCCCCCCCCCCCCCCCCCCCCDD,633,5,211,3.0,0.023696682464454975,1,"[1, 0, 0]",True,209,209,0,1,1,208,1,0,0,0,1,0,0,0
66,6,5,0,Grudger,"First by Stein and Rapoport: 0.05: (D, D)",CCCCCCCCCCCCCCCCCCCCCCCCCCCCCCCCCCCCCCCCCCCCCCCCCCCCCCCCCCCCCCCCCCCCCCCCCCCCCCCCCCCCCCCCCCCCCCCCCCCCCCCCCCCCCCCCCCCCCCCCCCCCCCCCCCCCCCCCCCCCCCCCCCCCCCCCCCCCCCCCCCCCCCCCCCCCCCCCCCCCCCCCCCCCCCCCCCCCCCCCCCCCCCCCCCD,628,-5,211,2.976303317535545,-0.023696682464454975,0,"[1, 0, 0]",True,210,209,1,0,1,209,0,0,1,0,0,0,0,1
67,5,7,0,"First by Stein and Rapoport: 0.05: (D, D)",First by Davis: 10,CCCCCCCCCCCCCCCCCCCCCCCCCCCCCCCCCCCCCCCCCCCCCCCCCCCCCCCCCCCCCCCCCCCCCCCCCCCCCCCCCCCCCCCCCCCCCCCCCCCCCCCCCCCCCCCCCCCCCCCCCCCCCCCCCCCCCCCCCCCCCCCCCCCCCCCCCCCCCCCCCCCCCCCCCCCCCCCCCCCCCCCCCCCCCCCCCCCCCCCCCCCCCCCCCCCCCCCCCCCCCCCCCCCCCDD,693,5,231,3.0,0.021645021645021644,1,"[1, 0, 0]",True,229,229,0,1,1,228,1,0,0,0,1,0,0,0
67,7,5,0,First by Davis: 10,"First by Stein and Rapoport: 0.05: (D, D)",CCCCCCCCCCCCCCCCCCCCCCCCCCCCCCCCCCCCCCCCCCCCCCCCCCCCCCCCCCCCCCCCCCCCCCCCCCCCCCCCCCCCCCCCCCCCCCCCCCCCCCCCCCCCCCCCCCCCCCCCCCCCCCCCCCCCCCCCCCCCCCCCCCCCCCCCCCCCCCCCCCCCCCCCCCCCCCCCCCCCCCCCCCCCCCCCCCCCCCCCCCCCCCCCCCCCCCCCCCCCCCCCCCCCCCD,688,-5,231,2.9783549783549783,-0.021645021645021644,0,"[1, 0, 0]",True,230,229,1,0,1,229,0,0,1,0,0,0,0,1
68,5,8,0,"First by Stein and Rapoport: 0.05: (D, D)",First by Graaskamp: 0.05,CCCCCCCCCCCCCCCCCCCCCCCCCCCCCCCCCCCCCCCCCCCCCCCCCCCDCDCDCDCDCDCDCDCDCDCDCDCDCDCDCDCDCDCDCDCDCDCDCDCDCDCDCDCDCDCDCDCDCDCDCDCDCDCDCDCDCDCDCDCDCDCDCDCDCDCDCDCDCDCDCDCDCDCDCDCDCDCDCDCDCDCDCDCDCDCDCDCDCDCDCDCDCDCDCDCDCDCDCDCDCDD,581,0,223,2.6053811659192827,0.0,0,"[0, 0, 1]",True,136,50,86,86,1,50,0,0,86,85,1,0,0,1
68,8,5,0,First by Graaskamp: 0.05,"First by Stein and Rapoport: 0.05: (D, D)",CCCCCCCCCCCCCCCCCCCCCCCCCCCCCCCCCCCCCCCCCCCCCCCCCCDCDCDCDCDCDCDCDCDCDCDCDCDCDCDCDCDCDCDCDCDCDCDCDCDCDCDCDCDCDCDCDCDCDCDCDCDCDCDCDCDCDCDCDCDCDCDCDCDCDCDCDCDCDCDCDCDCDCDCDCDCDCDCDCDCDCDCDCDCDCDCDCDCDCDCDCDCDCDCDCDCDCDCDCDCDCD,581,0,223,2.6053811659192827,0.0,0,"[0, 0, 1]",True,136,50,86,86,1,49,1,0,86,86,0,0,0,1
69,5,9,0,"First by Stein and Rapoport: 0.05: (D, D)",First by Downing,CCCCDDCDCDCCCCDDDDDDDDDDDDDDDDDDDDDDDDDDDDDDDDDDDDDDDDDDDDDDCDCCCCCCCCCCCCDDDDDDDDDDDDDDDDDDDDDDDDDDDDDDDDDDDDDDDDDDDDDDDDDDDDDDDDDDDDDDDDDDDDDDDDDDDDDCDCCCCCCCCCCCDDDDDDDDDDDDDDDDDDDDDDDDDDDDDDDDDDDDDDDDDDDDDDDDDDDDDDDDDDDDDDDDDDDDDDDDDDDDDDDDDDD,560,295,247,2.2672064777327936,1.194331983805668,1,"[1, 0, 0]",True,35,28,7,66,146,25,3,2,5,7,59,0,145,0
69,9,5,0,First by Downing,"First by Stein and Rapoport: 0.05: (D, D)",DDCDDCDCDCCCCCCCDCDCDDCDDCDDCDDCDDDDCDDDDCDDDDDDDCDDDDDDDDDCDCCCCCCCCCCCCCCCCCCCCCCCCCCCCCCCCDDCDDDDDCDDDDDDDCDDDDDDDDDCDDDDDDDDDDDDDCDDDDDDDDDDDDDDDDCDCCCCCCCCCCCCCCCCCCCCCCCCCCCCCCCCCDDDDDDDDDDDDCDDDDDDDDDDDDDDDDDDCDDDDDDDDDDDDDDDDDDDDDDDDDDDCDD,265,-295,247,1.0728744939271255,-1.194331983805668,0,"[1, 0, 0]",False,94,28,66,7,146,27,1,42,24,5,2,20,125,1
70,5,10,0,"First by Stein and Rapoport: 0.05: (D, D)","First by Feld: 1.0, 0.5, 200",CCCCCCCCCCCCCCCCCCCCCCCCCCCCDCDCDCDCDCDCDCDCDCDDDDDDDDDDDDDDDDDDDDDDDDDDDDDDDDDDDDDDDDDDDDDDDDDDDDDDDDDDDDDDDDDDDDDDDDDDDDDDDDDDDDDDDDDDDDDDDDDDDDDDDDDDDDDDDDDDDDDDDDDDDDDDDDDDDDDDDDDDDDDDDDDDDDDDDDDDDDDDDDDDDDDDDDDDD,297,-5,217,1.368663594470046,-0.02304147465437788,0,"[0, 1, 0]",True,37,27,10,9,171,27,0,0,10,9,0,0,170,1
70,10,5,0,"First by Feld: 1.0, 0.5, 200","First by Stein and Rapoport: 0.05: (D, D)",CCCCCCCCCCCCCCCCCCCCCCCCCCCDCDCDCDCDCDCDCDCDCDDDDDDDDDDDDDDDDDDDDDDDDDDDDDDDDDDDDDDDDDDDDDDDDDDDDDDDDDDDDDDDDDDDDDDDDDDDDDDDDDDDDDDDDDDDDDDDDDDDDDDDDDDDDDDDDDDDDDDDDDDDDDDDDDDDDDDDDDDDDDDDDDDDDDDDDDDDDDDDDDDDDDDDDDDDD,302,5,217,1.391705069124424,0.02304147465437788,1,"[0, 1, 0]",True,36,27,9,10,171,26,1,0,9,9,1,0,170,0
71,5,11,0,"First by Stein and Rapoport: 0.05: (D, D)",First by Joss: 0.9,CCCCCCCCCCCCCCCCCCCCCCCCCCCCCCCCCCCCCCCCCCCCDCDCDCDCDCDCDCDCDCDCDCDDDDDDDDDDDDDDDDDDDDDDDDDDDDDDDDDDDDDDDDDDDDDDDDDDDDDDDDDDDDDDDDDDDDDDDDDDDDDDDDDDDDDDDDDDDDDDDDDDDDDDDDDDDDDDDDDDDDDDDDDDDDDDD,311,-5,193,1.61139896373057,-0.025906735751295335,0,"[0, 1, 0]",True,55,43,12,11,127,43,0,0,12,11,0,0,126,1
71,11,5,0,First by Joss: 0.9,"First by Stein and Rapoport: 0.05: (D, D)",CCCCCCCCCCCCCCCCCCCCCCCCCCCCCCCCCCCCCCCCCCCDCDCDCDCDCDCDCDCDCDCDCDDDDDDDDDDDDDDDDDDDDDDDDDDDDDDDDDDDDDDDDDDDDDDDDDDDDDDDDDDDDDDDDDDDDDDDDDDDDDDDDDDDDDDDDDDDDDDDDDDDDDDDDDDDDDDDDDDDDDDDDDDDDDDDD,316,5,193,1.6373056994818653,0.025906735751295335,1,"[0, 1, 0]",True,54,43,11,12,127,42,1,0,11,11,1,0,126,0
72,5,12,0,"First by Stein and Rapoport: 0.05: (D, D)",First by Tullock,CCCCCCCCCCCCCCCCCCCCCCCCCCCCCCCCCCCDCCCDDCCDCDCDDCCDDCCDDCDCDDDDCCDCDDDDDCDDDDDDDDDDDDDDDDDDDDDDDDDDDDDDDDDDDDDDDDDDDDDDDDDDDDDDDDDDDDDDDDDDDDDDDDDDDDDDDDDDDDDDDDDDDDDDDDDDDDDDDD,290,-5,178,1.6292134831460674,-0.028089887640449437,0,"[0, 1, 0]",True,52,40,12,11,115,40,0,0,12,11,0,0,114,1
72,12,5,0,First by Tullock,"First by Stein and Rapoport: 0.05: (D, D)",CCCCCCCCCCCCCCCCCCCCCCCCCCCCCCCCCCDCCCDDCCDCDCDDCCDDCCDDCDCDDDDCCDCDDDDDCDDDDDDDDDDDDDDDDDDDDDDDDDDDDDDDDDDDDDDDDDDDDDDDDDDDDDDDDDDDDDDDDDDDDDDDDDDDDDDDDDDDDDDDDDDDDDDDDDDDDDDDDD,295,5,178,1.6573033707865168,0.028089887640449437,1,"[0, 1, 0]",True,51,40,11,12,115,34,6,5,6,5,7,6,108,0
73,5,13,0,"First by Stein and Rapoport: 0.05: (D, D)",First by Anonymous,CCCCDDCDDDDCCCDDDDDDDDDDDDDDDDDDDDDDDDDDDDDDDDDDDDDDDDDDDDDDDDDDDDDDDDDDDDDDDDDDDDDDDDDDDDDDDDDDDDDDDDDDDDDDDDDDDDDDDDDDDDDDDDDDDDDDDDDDDDDDDDDDDDDDDDDDDDDDDDDDDDDDDDDDDDDDDDDDDDDDDDDDDDDDDDDDDDDDDDDDD,580,450,201,2.8855721393034828,2.2388059701492535,1,"[1, 0, 0]",True,8,5,3,93,100,4,1,1,2,2,90,0,100,0
73,13,5,0,First by Anonymous,"First by Stein and Rapoport: 0.05: (D, D)",DCCDDCDDDDCCCCDDCDCCDDDCDCCDDDDDCCCDCDCCDDCCDDCCDCDDCCCCCCDDDDDDCCCCCCDCCCCDDCDCDCCDDDDDCCDDCDDDDDDDDCCDCCDCDCDDDDDCDDCDCDCCDCDCDCDCCCCCCCDDDDCDDCDDDCCCDDCCDCCDCCCDDDCDDCDDCCDCCDCCCCCDCDDDDCDDCDCDDDCCC,130,-450,201,0.6467661691542289,-2.2388059701492535,0,"[1, 0, 0]",False,98,5,93,3,100,3,2,46,46,1,2,48,52,1
74,5,14,0,"First by Stein and Rapoport: 0.05: (D, D)",Random: 0.5,CCCCCCCDCDDCDDDDDDDDDDDDDDDDDDDDDDDDDDDDDDDDDDDDDDDDDDDDDDDDDDDDDDDDDDDDDDDDDDDDDDDDDDDDDDDDDDDDDDDDDDDDDDDDDDDDDDDDDDDDDDDDDDDDDDDDDDDDDDDDDDDDDDDDDDDDDDDDDDDDDDDDDDDDDDDDDDDDDDDDDDDDDDDDDDDDDDDDDDDDDDDDDDDD,586,445,208,2.8173076923076925,2.139423076923077,1,"[1, 0, 0]",True,9,5,4,93,106,5,0,1,3,2,91,0,105,0
74,14,5,0,Random: 0.5,"First by Stein and Rapoport: 0.05: (D, D)",DCCCCCDCDDCDDCCCDDDCCCDDDDDDCCCCCDDDDDCCDDCDDDCDDCDDCCDDCDCCCDCDCDCDDCCDDCDCCDDCCDCCDDCCCCDDDCCCDCDCDCDDDCDDDCCDDDDDCCDDDDDCCCCDCDDCDCDDCCDCDDCDDDDCDCCDDCCCCDDDCCCDDDCDCDDCDCDCCDCDDDDDDDCCCCCCDCDDDCCCCCDCDCDD,141,-445,208,0.6778846153846154,-2.139423076923077,0,"[1, 0, 0]",False,98,5,93,4,106,4,1,43,50,2,2,49,56,1
75,6,6,0,Grudger,Grudger,CCCCCCCCCCCCCCCCCCCCCCCCCCCCCCCCCCCCCCCCCCCCCCCCCCCCCCCCCCCCCCCCCCCCCCCCCCCCCCCCCCCCCCCCCCCCCCCCCCCCCCCCCCCCCCCCCCCCCCCCCCCCCCCCCCCCCCCCCCCCCCCCCCCCCCCCCCCCCCCCCCCCCCCCCCCCCCCCCCCCCCCCCCCCCCCCCCCCCCCCC,603,0,201,3.0,0.0,0,"[0, 0, 1]",True,201,201,0,0,0,200,0,0,0,0,0,0,0,1
75,6,6,0,Grudger,Grudger,CCCCCCCCCCCCCCCCCCCCCCCCCCCCCCCCCCCCCCCCCCCCCCCCCCCCCCCCCCCCCCCCCCCCCCCCCCCCCCCCCCCCCCCCCCCCCCCCCCCCCCCCCCCCCCCCCCCCCCCCCCCCCCCCCCCCCCCCCCCCCCCCCCCCCCCCCCCCCCCCCCCCCCCCCCCCCCCCCCCCCCCCCCCCCCCCCCCCCCCCC,603,0,201,3.0,0.0,0,"[0, 0, 1]",True,201,201,0,0,0,200,0,0,0,0,0,0,0,1
76,6,7,0,Grudger,First by Davis: 10,CCCCCCCCCCCCCCCCCCCCCCCCCCCCCCCCCCCCCCCCCCCCCCCCCCCCCCCCCCCCCCCCCCCCCCCCCCCCCCCCCCCCCCCCCCCCCCCCCCCCCCCCCCCCCCCCCCCCCCCCCCCCCCCCCCCCCCCCCCCCCCCCCCCCCCCC,456,0,152,3.0,0.0,0,"[0, 0, 1]",True,152,152,0,0,0,151,0,0,0,0,0,0,0,1
76,7,6,0,First by Davis: 10,Grudger,CCCCCCCCCCCCCCCCCCCCCCCCCCCCCCCCCCCCCCCCCCCCCCCCCCCCCCCCCCCCCCCCCCCCCCCCCCCCCCCCCCCCCCCCCCCCCCCCCCCCCCCCCCCCCCCCCCCCCCCCCCCCCCCCCCCCCCCCCCCCCCCCCCCCCCCC,456,0,152,3.0,0.0,0,"[0, 0, 1]",True,152,152,0,0,0,151,0,0,0,0,0,0,0,1
77,6,8,0,Grudger,First by Graaskamp: 0.05,CCCCCCCCCCCCCCCCCCCCCCCCCCCCCCCCCCCCCCCCCCCCCCCCCCCDDDDDDDDDDDDDDDDDDDDDDDDDDDDDDDDDDDDDDDDDDDDDDDDDDDDDDDDDDDDDDDDDDDDDDDDDDDDDDDDDDDDDDDDDDDDDDDDDDDDDDDDDDDDDDDDDDDDDDDDDDDDDDDDDDDDDDDDDD,400,135,189,2.1164021164021163,0.7142857142857143,1,"[1, 0, 0]",True,51,50,1,28,110,50,0,0,1,0,28,0,109,0
77,8,6,0,First by Graaskamp: 0.05,Grudger,CCCCCCCCCCCCCCCCCCCCCCCCCCCCCCCCCCCCCCCCCCCCCCCCCCDCDDDDCCCCCCCCCCCDCCCCCCCCCCCDCCCCCDDDDDDDDDDDDDDDDDDDDDDDDDDDDDDDDDDDDDDDDDDDDDDDDDDDDDDDDDDDDDDDDDDDDDDDDDDDDDDDDDDDDDDDDDDDDDDDDDDDDDDDD,265,-135,189,1.402116402116402,-0.7142857142857143,0,"[1, 0, 0]",True,78,50,28,1,110,49,1,24,4,1,0,3,106,1
78,6,9,0,Grudger,First by Downing,CDDDDDDDDDDDDDDDDDDDDDDDDDDDDDDDDDDDDDDDDDDDDDDDDDDDDDDDDDDDDDDDDDDDDDDDDDDDDDDDDDDDDDDDDDDDDDDDDDDDDDDDDDDDDDDDDDDDDDDDDDDDDDDDDDDDDDDDDDDDDDDDDDDDDDDDDDDDDDDDDDDDDDDDDDDDDDDDDDDDDDDDDDDDDDDDDDDDDDDDDDDDDDDDDDDDDDDDDDDDDD,233,10,222,1.0495495495495495,0.04504504504504504,1,"[1, 0, 0]",True,1,0,1,3,218,0,0,0,1,0,3,0,217,0
78,9,6,0,First by Downing,Grudger,DDCCDCDDDDDDDDDDDDDDDDDDDDDDDDDDDDDDDDDDDDDDDDDDDDDDDDDDDDDDDDDDDDDDDDDDDDDDDDDDDDDDDDDDDDDDDDDDDDDDDDDDDDDDDDDDDDDDDDDDDDDDDDDDDDDDDDDDDDDDDDDDDDDDDDDDDDDDDDDDDDDDDDDDDDDDDDDDDDDDDDDDDDDDDDDDDDDDDDDDDDDDDDDDDDDDDDDDDDDDDD,223,-10,222,1.0045045045045045,-0.04504504504504504,0,"[1, 0, 0]",False,3,0,3,1,218,0,0,1,2,0,1,2,215,1
79,6,10,0,Grudger,"First by Feld: 1.0, 0.5, 200",CCCCCCCCCCCCCCCCCCCCDDDDDDDDDDDDDDDDDDDDDDDDDDDDDDDDDDDDDDDDDDDDDDDDDDDDDDDDDDDDDDDDDDDDDDDDDDDDDDDDDDDDDDDDDDDDDDDDDDDDDDDDDDDDDDDDDDDDDDDDDDDDDDDDDDDDDDDDDDDDDDDDDDDDDDDDDDDDDDDDDDDDDDDDDDDDD,234,0,193,1.2124352331606219,0.0,0,"[0, 0, 1]",True,20,19,1,1,172,19,0,0,1,0,1,0,171,1
79,10,6,0,"First by Feld: 1.0, 0.5, 200",Grudger,CCCCCCCCCCCCCCCCCCCDCDDDDDDDDDDDDDDDDDDDDDDDDDDDDDDDDDDDDDDDDDDDDDDDDDDDDDDDDDDDDDDDDDDDDDDDDDDDDDDDDDDDDDDDDDDDDDDDDDDDDDDDDDDDDDDDDDDDDDDDDDDDDDDDDDDDDDDDDDDDDDDDDDDDDDDDDDDDDDDDDDDDDDDDDDDDD,234,0,193,1.2124352331606219,0.0,0,"[0, 0, 1]",True,20,19,1,1,172,18,1,0,1,1,0,0,171,1
80,6,11,0,Grudger,First by Joss: 0.9,CCCCCCDDDDDDDDDDDDDDDDDDDDDDDDDDDDDDDDDDDDDDDDDDDDDDDDDDDDDDDDDDDDDDDDDDDDDDDDDDDDDDDDDDDDDDDDDDDDDDDDDDDDDDDDDDDDDDDDDDDDDDDDDDDDDDDDDDDDDDDDDDDDDDDDDDDDDDDDDDDDDDDDDDDDDDDDDDDDDDDDDDDDDDDDDDDDDDDDDDDDDDDD,219,0,206,1.0631067961165048,0.0,0,"[0, 0, 1]",True,6,5,1,1,199,5,0,0,1,0,1,0,198,1
80,11,6,0,First by Joss: 0.9,Grudger,CCCCCDCDDDDDDDDDDDDDDDDDDDDDDDDDDDDDDDDDDDDDDDDDDDDDDDDDDDDDDDDDDDDDDDDDDDDDDDDDDDDDDDDDDDDDDDDDDDDDDDDDDDDDDDDDDDDDDDDDDDDDDDDDDDDDDDDDDDDDDDDDDDDDDDDDDDDDDDDDDDDDDDDDDDDDDDDDDDDDDDDDDDDDDDDDDDDDDDDDDDDDDD,219,0,206,1.0631067961165048,0.0,0,"[0, 0, 1]",True,6,5,1,1,199,4,1,0,1,1,0,0,198,1
81,6,12,0,Grudger,First by Tullock,CCCCCCCCCCCCCCCCCCCDDDDDDDDDDDDDDDDDDDDDDDDDDDDDDDDDDDDDDDDDDDDDDDDDDDDDDDDDDDDDDDDDDDDDDDDDDDDDDDDDDDDDDDDDDDDDDDDDDDDDDDDDDDDDDDDDDDDDDDDDDDDDDDDDDDDDDDDDDDDDDDDDDDDDDDDDDDDDDDDDDDDDDDDDDDDDDDDDDDDDDDDDDDDDDDDDDDDDDDDDDDDDDDDDDDDDDDDDDDD,286,10,239,1.1966527196652719,0.04184100418410042,1,"[1, 0, 0]",True,19,18,1,3,217,18,0,0,1,0,3,0,216,0
81,12,6,0,First by Tullock,Grudger,CCCCCCCCCCCCCCCCCCDCCDDDDCDDDDDDDDDDDDDDDDDDDDDDDDDDDDDDDDDDDDDDDDDDDDDDDDDDDDDDDDDDDDDDDDDDDDDDDDDDDDDDDDDDDDDDDDDDDDDDDDDDDDDDDDDDDDDDDDDDDDDDDDDDDDDDDDDDDDDDDDDDDDDDDDDDDDDDDDDDDDDDDDDDDDDDDDDDDDDDDDDDDDDDDDDDDDDDDDDDDDDDDDDDDDDDDDDDDDD,276,-10,239,1.1548117154811715,-0.04184100418410042,0,"[1, 0, 0]",True,21,18,3,1,217,17,1,1,2,1,0,1,215,1
82,6,13,0,Grudger,First by Anonymous,CDDDDDDDDDDDDDDDDDDDDDDDDDDDDDDDDDDDDDDDDDDDDDDDDDDDDDDDDDDDDDDDDDDDDDDDDDDDDDDDDDDDDDDDDDDDDDDDDDDDDDDDDDDDDDDDDDDDDDDDDDDDDDDDDDDDDDDDDDDDDDDDDDDDDDDDDDDDDDDDDDDDDDDDDDDDDDDDDDDDDDDD,551,455,184,2.994565217391304,2.472826086956522,1,"[1, 0, 0]",True,1,0,1,92,91,0,0,0,1,0,91,0,91,0
82,13,6,0,First by Anonymous,Grudger,DDCCCDCCCDDCDDDCCCCDCCDDDCCDDDDDDDCCDCCDCDDCDCDCDDCCDDDCDCDCCDDDDCDCDDDCCDDCDDCDDDDDCDCDDDDCDCCCCDCCCDCDCCDCCDCCCCDDCCDDDCDDDCDCDDCDDDCCCDDDDCCCCDCCCCCDCDCCCDCCDCCDCCCDCCDCCCCDDCDCDDDC,96,-455,184,0.5217391304347826,-2.472826086956522,0,"[1, 0, 0]",False,92,0,92,1,91,0,0,44,47,0,1,48,43,1
83,6,14,0,Grudger,Random: 0.5,CDDDDDDDDDDDDDDDDDDDDDDDDDDDDDDDDDDDDDDDDDDDDDDDDDDDDDDDDDDDDDDDDDDDDDDDDDDDDDDDDDDDDDDDDDDDDDDDDDDDDDDDDDDDDDDDDDDDDDDDDDDDDDDDDDDDDDDDDDDDDDDDDDDDDDDDDDDDDDDDDDDDDDDDDDDDDDDDDDDDDDDDDDDDDDDDDDDDDDDDDDDDDDDDDDDDDDD,602,480,215,2.8,2.2325581395348837,1,"[1, 0, 0]",True,1,0,1,97,117,0,0,0,1,0,96,0,117,0
83,14,6,0,Random: 0.5,Grudger,DDDCDCDDCCDDDCDCDCDDDCDDDDCDDCCCDCCDCDDDDCCDCCCDCDDCDCCCDDDDCCCCDDCCDDCDDCDDDDCDDCCCCDDCDDDDCDCCDCCCDDCCCDDDDCCDCDDDDDCDCCCDCCDDDDDDCCDCDDCCCDDCCDDCDCCDCCDCDDDDDDCDDCDCCDCDDCCDCDDDDDCDCDDCDCCDCDDCDDDCDCDCCCCDCCCDCDC,122,-480,215,0.5674418604651162,-2.2325581395348837,0,"[1, 0, 0]",False,97,0,97,1,117,0,0,39,57,0,1,58,59,1
84,7,7,0,First by Davis: 10,First by Davis: 10,CCCCCCCCCCCCCCCCCCCCCCCCCCCCCCCCCCCCCCCCCCCCCCCCCCCCCCCCCCCCCCCCCCCCCCCCCCCCCCCCCCCCCCCCCCCCCCCCCCCCCCCCCCCCCCCCCCCCCCCCCCCCCCCCCCCCCCCCCCCCCCCCCCCCCCCCCCCCCCCCCCCCCCCCCCCCCCCCCCCCCCCCCCCCCCCCCCCCCCCCCCCCCCCCCCCCCCCCCCCCCC,666,0,222,3.0,0.0,0,"[0, 0, 1]",True,222,222,0,0,0,221,0,0,0,0,0,0,0,1
84,7,7,0,First by Davis: 10,First by Davis: 10,CCCCCCCCCCCCCCCCCCCCCCCCCCCCCCCCCCCCCCCCCCCCCCCCCCCCCCCCCCCCCCCCCCCCCCCCCCCCCCCCCCCCCCCCCCCCCCCCCCCCCCCCCCCCCCCCCCCCCCCCCCCCCCCCCCCCCCCCCCCCCCCCCCCCCCCCCCCCCCCCCCCCCCCCCCCCCCCCCCCCCCCCCCCCCCCCCCCCCCCCCCCCCCCCCCCCCCCCCCCCCC,666,0,222,3.0,0.0,0,"[0, 0, 1]",True,222,222,0,0,0,221,0,0,0,0,0,0,0,1
85,7,8,0,First by Davis: 10,First by Graaskamp: 0.05,CCCCCCCCCCCCCCCCCCCCCCCCCCCCCCCCCCCCCCCCCCCCCCCCCCCDDDDDDDDDDDDDDDDDDDDDDDDDDDDDDDDDDDDDDDDDDDDDDDDDDDDDDDDDDDDDDDDDDDDDDDDDDDDDDDDDDDDDDDDDDDDDDDDDDDDDDDDDDDDDDDDDDDDDDDDDDDDDDDDDDDDDDDDDDDDDDDDDDDDD,411,135,200,2.055,0.675,1,"[1, 0, 0]",True,51,50,1,28,121,50,0,0,1,0,28,0,120,0
85,8,7,0,First by Graaskamp: 0.05,First by Davis: 10,CCCCCCCCCCCCCCCCCCCCCCCCCCCCCCCCCCCCCCCCCCCCCCCCCCDCDDDDCCCCCCCCCCCCCCDCCCCCCCCCCCDCCDDDDDDDDDDDDDDDDDDDDDDDDDDDDDDDDDDDDDDDDDDDDDDDDDDDDDDDDDDDDDDDDDDDDDDDDDDDDDDDDDDDDDDDDDDDDDDDDDDDDDDDDDDDDDDDDDDD,276,-135,200,1.38,-0.675,0,"[1, 0, 0]",True,78,50,28,1,121,49,1,24,4,1,0,3,117,1
86,7,9,0,First by Davis: 10,First by Downing,CCCCCCCCCCDDDDDDDDDDDDDDDDDDDDDDDDDDDDDDDDDDDDDDDDDDDDDDDDDDDDDDDDDDDDDDDDDDDDDDDDDDDDDDDDDDDDDDDDDDDDDDDDDDDDDDDDDDDDDDDDDDDDDDDDDDDDDDDDDDDDDDDDDDDDDDDDDDDDDDDDDDDDDDDDDDDDDDDDDDDDDD,193,-25,184,1.048913043478261,-0.1358695652173913,0,"[0, 1, 0]",True,10,1,9,4,170,1,0,8,1,0,4,0,169,1
86,9,7,0,First by Downing,First by Davis: 10,DDCDDDDDDDDDDDDDDCDDDDDDDDDDDDDDDDCDDDDDDDDDDDDDDDDDDDDDDDDDDDDDDDDCDDDDDDDDDDDDDDDDDDDDDDDDDDDDDDDDDDDDDDDDDDDDDDDDDDDDDDDDDDDDDDDDDDDDDDDDDDDDDDDDDDDDDDDDDDDDDDDDCDDDDDDDDDDDDDDDDDDD,218,25,184,1.184782608695652,0.1358695652173913,1,"[0, 1, 0]",False,5,1,4,9,170,0,1,0,4,1,8,4,165,0
87,7,10,0,First by Davis: 10,"First by Feld: 1.0, 0.5, 200",CCCCCCCCCCCCCCCCCCCCCCCCCCDDDDDDDDDDDDDDDDDDDDDDDDDDDDDDDDDDDDDDDDDDDDDDDDDDDDDDDDDDDDDDDDDDDDDDDDDDDDDDDDDDDDDDDDDDDDDDDDDDDDDDDDDDDDDDDDDDDDDDDDDDDDDDDDDDDDDDDDDDDDDDDDDDDDDDDDDDDDDDDDDDDDDDDDDDDDDDDDDDDDDDDDDDDDDDDDDDDDDD,277,0,224,1.2366071428571428,0.0,0,"[0, 0, 1]",True,26,25,1,1,197,25,0,0,1,0,1,0,196,1
87,10,7,0,"First by Feld: 1.0, 0.5, 200",First by Davis: 10,CCCCCCCCCCCCCCCCCCCCCCCCCDCDDDDDDDDDDDDDDDDDDDDDDDDDDDDDDDDDDDDDDDDDDDDDDDDDDDDDDDDDDDDDDDDDDDDDDDDDDDDDDDDDDDDDDDDDDDDDDDDDDDDDDDDDDDDDDDDDDDDDDDDDDDDDDDDDDDDDDDDDDDDDDDDDDDDDDDDDDDDDDDDDDDDDDDDDDDDDDDDDDDDDDDDDDDDDDDDDDDDD,277,0,224,1.2366071428571428,0.0,0,"[0, 0, 1]",True,26,25,1,1,197,24,1,0,1,1,0,0,196,1
88,7,11,0,First by Davis: 10,First by Joss: 0.9,CCCCCCCCCCCCCCCCDDDDDDDDDDDDDDDDDDDDDDDDDDDDDDDDDDDDDDDDDDDDDDDDDDDDDDDDDDDDDDDDDDDDDDDDDDDDDDDDDDDDDDDDDDDDDDDDDDDDDDDDDDDDDDDDDDDDDDDDDDDDDDDDDDDDDDDDDDDDDDDDDDDDDDDDDDDDDDDDDDDDDDDDDDDDDDDDDDDDDDDDDDDDD,234,-5,205,1.1414634146341462,-0.024390243902439025,0,"[0, 1, 0]",True,16,15,1,0,189,15,0,0,1,0,0,0,188,1
88,11,7,0,First by Joss: 0.9,First by Davis: 10,CCCCCCCCCCCCCCCDDDDDDDDDDDDDDDDDDDDDDDDDDDDDDDDDDDDDDDDDDDDDDDDDDDDDDDDDDDDDDDDDDDDDDDDDDDDDDDDDDDDDDDDDDDDDDDDDDDDDDDDDDDDDDDDDDDDDDDDDDDDDDDDDDDDDDDDDDDDDDDDDDDDDDDDDDDDDDDDDDDDDDDDDDDDDDDDDDDDDDDDDDDDDD,239,5,205,1.1658536585365853,0.024390243902439025,1,"[0, 1, 0]",True,15,15,0,1,189,14,1,0,0,0,1,0,188,0
89,7,12,0,First by Davis: 10,First by Tullock,CCCCCCCCCCCCCCCCCCCCCCCCCCCCCCCCCCCCCCCCCCCCCCCCCCCDDDDDDDDDDDDDDDDDDDDDDDDDDDDDDDDDDDDDDDDDDDDDDDDDDDDDDDDDDDDDDDDDDDDDDDDDDDDDDDDDDDDDDDDDDDDDDDDDDDDDDDDD,271,15,156,1.7371794871794872,0.09615384615384616,1,"[1, 0, 0]",True,51,50,1,4,101,50,0,0,1,0,4,0,100,0
89,12,7,0,First by Tullock,First by Davis: 10,CCCCCCCCCCCCCCCCCCCCCCCCCCCCCCCCCCCCCCCCCCCCCCCCCCDCCDCDCDDDDDDDDDDDDDDDDDDDDDDDDDDDDDDDDDDDDDDDDDDDDDDDDDDDDDDDDDDDDDDDDDDDDDDDDDDDDDDDDDDDDDDDDDDDDDDDDDDD,256,-15,156,1.641025641025641,-0.09615384615384616,0,"[1, 0, 0]",True,54,50,4,1,101,49,1,1,3,1,0,2,98,1
90,7,13,0,First by Davis: 10,First by Anonymous,CCCCCCCCCCDDDDDDDDDDDDDDDDDDDDDDDDDDDDDDDDDDDDDDDDDDDDDDDDDDDDDDDDDDDDDDDDDDDDDDDDDDDDDDDDDDDDDDDDDDDDDDDDDDDDDDDDDDDDDDDDDDDDDDDDDDDDDDDDDDDDDDDDDDDDDDDDDDDDDDDDDDDDDDDDDDDDDDDDDDDDDDDDDDDDDDDDDDDDDDDDDDDDDDDD,596,450,210,2.8380952380952382,2.142857142857143,1,"[1, 0, 0]",True,10,4,6,96,104,3,1,6,0,0,96,0,103,0
90,13,7,0,First by Anonymous,First by Davis: 10,CDDDDCDDCCDDCDCCCCCCDDCDDDDDDDCCCDCCDCCDDDCDCCDCCDCDDCDDDDDDCDCCDCCCDDCCCDCCCCCDCDCDCDCCDDCCCDDCCCDCDDCCDDDDDDDCCDDDDCDCDCCCDDDDCDCCCCDCCCCCCDDDCCDCDDDDDDCDDCCDCDCDDCCCDDCDCDDCDCCCDCCDDDDDDDCCCDDDDCDCDDDCDCDCCD,146,-450,210,0.6952380952380952,-2.142857142857143,0,"[1, 0, 0]",True,100,4,96,6,104,1,3,47,49,2,4,49,54,1
91,7,14,0,First by Davis: 10,Random: 0.5,CCCCCCCCCCDDDDDDDDDDDDDDDDDDDDDDDDDDDDDDDDDDDDDDDDDDDDDDDDDDDDDDDDDDDDDDDDDDDDDDDDDDDDDDDDDDDDDDDDDDDDDDDDDDDDDDDDDDDDDDDDDDDDDDDDDDDDDDDDDDDDDDDDDDDDDDDDDDDDDDDDDDDDDDDDDDDDDDDDD,546,430,179,3.0502793296089385,2.4022346368715084,1,"[1, 0, 0]",True,10,7,3,89,80,7,0,2,1,0,89,0,79,0
91,14,7,0,Random: 0.5,First by Davis: 10,CCCCCDCCDDCDDDCDDDDCCCDCCDDCDDCDCCCCCCCDDDCDCDDDCDCDDCCCCCDCCDDCCDCDCCCDCCCCDCCDCCCDCDCCDDDDDDCCCCDCCDDCDDCCDDDDDDDDDDCCDCDCDDCCCCDCDCCDCCCDDDCDDCCDCCCDDCDDCCDCDCCCCCDCDDCCDDCDCCD,116,-430,179,0.6480446927374302,-2.4022346368715084,0,"[1, 0, 0]",True,96,7,89,3,80,5,2,46,43,2,1,42,37,1
92,8,8,0,First by Graaskamp: 0.05,First by Graaskamp: 0.05,CCCCCCCCCCCCCCCCCCCCCCCCCCCCCCCCCCCCCCCCCCCCCCCCCCDDDDDDDDDDDDDDDDDDDDDDDDDDDDDDDDDDDDDDDDDDDDDDDDDDDDDDDDDDDDDDDDDDDDDDDDDDDDDDDDDDDDDDDDDDDDDDDDDDDDDDDDDDDDDDDDDDDDDDDDDDDDDDDDDDDDDDDDDDDDDDDDDDDDDDDDDD,304,0,204,1.4901960784313726,0.0,0,"[0, 0, 1]",True,50,50,0,0,154,49,1,0,0,0,0,0,153,1
92,8,8,0,First by Graaskamp: 0.05,First by Graaskamp: 0.05,CCCCCCCCCCCCCCCCCCCCCCCCCCCCCCCCCCCCCCCCCCCCCCCCCCDDDDDDDDDDDDDDDDDDDDDDDDDDDDDDDDDDDDDDDDDDDDDDDDDDDDDDDDDDDDDDDDDDDDDDDDDDDDDDDDDDDDDDDDDDDDDDDDDDDDDDDDDDDDDDDDDDDDDDDDDDDDDDDDDDDDDDDDDDDDDDDDDDDDDDDDDD,304,0,204,1.4901960784313726,0.0,0,"[0, 0, 1]",True,50,50,0,0,154,49,1,0,0,0,0,0,153,1
93,8,9,0,First by Graaskamp: 0.05,First by Downing,CDDCCCCCCCCCCCCCCCCCCCCCCCCCCCCCCCCCCCCCCCCCCCCCCCDCCCCCCCCCCCCCCDCCCCCCCCCCCDCCCCCCCCCCCDCCCCCCCCCCDCCCCDCCCCCCCCCCCCDCCCCCCCCCDCCCCCCCCCCDCCCCCCCCDCCCCCDCCCCCCDCCCCCCCCDCCCCCCCCDCCCC,577,70,184,3.135869565217391,0.3804347826086957,1,"[1, 0, 0]",True,168,167,1,15,1,152,14,0,1,15,0,0,1,0
93,9,8,0,First by Downing,First by Graaskamp: 0.05,DDCCCCCCCCCCCCCCCCCCCCCCCCCCCCCCCCCCCCCCCCCCCCCCCCCCCCCCCCCCCCCCCCCCCCCCCCCCCCCCCCCCCCCCCCCCCCCCCCCCCCCCCCCCCCCCCCCCCCCCCCCCCCCCCCCCCCCCCCCCCCCCCCCCCCCCCCCCCCCCCCCCCCCCCCCCCCCCCCCCCCCC,507,-70,184,2.755434782608696,-0.3804347826086957,0,"[1, 0, 0]",False,182,167,15,1,1,166,0,15,0,0,1,1,0,1
94,8,10,0,First by Graaskamp: 0.05,"First by Feld: 1.0, 0.5, 200",CCCDCDCDCDCDCDCDDDDDDDDDDDDDDDDDDDDDDDDDDDDDDDDDDDDDDDDDCCCCCCCCCCCCCCDCCCCCCCCDCCCCCCCCCCCCDDDDDDDDDDDDDDDDDDDDDDDDDDDDDDDDDDDDDDDDDDDDDDDDDDDDDDDDDDDDDDDDDDDDDDDDDDDDDDDDDDDDDDDDDDDDDDDDDDDDDDDDDDDDDDDDDDDD,284,-30,208,1.3653846153846154,-0.14423076923076922,0,"[0, 1, 0]",True,43,29,14,8,157,26,3,7,7,8,0,1,155,1
94,10,8,0,"First by Feld: 1.0, 0.5, 200",First by Graaskamp: 0.05,CCDCDCDCDCDCDCDDDDDDDDDDDDDDDDDDDDDDDDDDDDDDDDDDDDDDDDDDDDCCCCDCDCCCCCCDCCCCCCCCDCCCCCDCCCCCDDDDDDDDDDDDDDDDDDDDDDDDDDDDDDDDDDDDDDDDDDDDDDDDDDDDDDDDDDDDDDDDDDDDDDDDDDDDDDDDDDDDDDDDDDDDDDDDDDDDDDDDDDDDDDDDDDDD,314,30,208,1.5096153846153846,0.14423076923076922,1,"[0, 1, 0]",True,37,29,8,14,157,24,5,0,8,12,2,0,156,0
95,8,11,0,First by Graaskamp: 0.05,First by Joss: 0.9,CCCCCCCCCCCCCCDCDCDCDCDCDCDCDCDCDCDCDDDDDDDDDDDDDDDDDDDDDDDDDDDDDDDDDDDDDDDDDDDDDDDDDDDDDDDDDDDDDDDDDDDDDDDDDDDDDDDDDDDDDDDDDDDDDDDDDDDDDDDDDDDDDDDDDDDDDDDDDDDDDDDDDDDDDDDDDDDDDDDDDDDDDDDDDDDDDDDDDD,256,-5,198,1.292929292929293,-0.025252525252525252,0,"[0, 1, 0]",True,25,13,12,11,162,13,0,0,12,11,0,0,161,1
95,11,8,0,First by Joss: 0.9,First by Graaskamp: 0.05,CCCCCCCCCCCCCDCDCDCDCDCDCDCDCDCDCDCDDDDDDDDDDDDDDDDDDDDDDDDDDDDDDDDDDDDDDDDDDDDDDDDDDDDDDDDDDDDDDDDDDDDDDDDDDDDDDDDDDDDDDDDDDDDDDDDDDDDDDDDDDDDDDDDDDDDDDDDDDDDDDDDDDDDDDDDDDDDDDDDDDDDDDDDDDDDDDDDDDD,261,5,198,1.3181818181818181,0.025252525252525252,1,"[0, 1, 0]",True,24,13,11,12,162,12,1,0,11,11,1,0,161,0
96,8,12,0,First by Graaskamp: 0.05,First by Tullock,CCCCCCCCCCCCCCCCCDCCCCCCCDCDCDCCCCCCCCCCCCCCCDCDCCDDDCDCCCCCCCCCCDCCCCCDCCCCCCCCCCDCCCCCCCCCCCCCDCCCCCCDCCCCCCCCCCCCDCCCCCCCDCCCCCCCCDCCCCCCCCCDCCCCCCCCCCCDCCCCCCCCCDCCCCCCCCCDCCCCCCDCCCCCCCCCCDCCCCDCCCCCCCCCCDCCCCCCDC,583,-65,218,2.6743119266055047,-0.2981651376146789,0,"[0, 1, 0]",True,191,156,35,22,5,139,16,26,9,22,0,3,2,1
96,12,8,0,First by Tullock,First by Graaskamp: 0.05,CCCCCCCCCCCCCCCCDCCCCCCCDCDCDCCCCCCCCCCCCCCCDCDCCDDDCDCDDDDDCCCCCCCCCCCDCDDCCCDCCCCCCCCCCCCCCDCCCCCCCDCCCCDCCCCCDDDCDCDCCCCCCCCCDCCCCCCCCDCCCCDCDCCCCCCCCCCCCCCCCDCCCCCCDCCCCCCCCCCCCCCCCCDDCCCCCCCCCCCDDCCCCCDCCCCDCCCCDC,648,65,218,2.9724770642201834,0.2981651376146789,1,"[0, 1, 0]",True,178,156,22,35,5,133,22,15,7,25,10,4,1,0
97,8,13,0,First by Graaskamp: 0.05,First by Anonymous,CCDCCCCDDDCCCCDCDDDDDCCCCDDDDCDCDDDDCCCCCDDCCDCDDDDCDCDDDDDDDDDDDDDDDDDDDDDDDDDDDDDDDDDDDDDDDDDDDDDDDDDDDDDDDDDDDDDDDDDDDDDDDDDDDDDDDDDDDDDDDDDDDDDDDDDDDDDDDDDDDDDDDDDDDDDDDDDDDDDDDDDDDDDDDDDDDDDDDDDDDD,584,395,202,2.891089108910891,1.9554455445544554,1,"[1, 0, 0]",True,27,15,12,91,84,15,0,0,12,11,79,0,84,0
97,13,8,0,First by Anonymous,First by Graaskamp: 0.05,CDCCCCDDDCCCCDCDDDDDCCCCDDDDCDCDDDDCCCCCDDCCDCDDDDCDCDDDCDDDDDCDCDCCDCDDDCDDCCCCCCCDCCCCDCCCDDDCCCCCCDCCCDCCDDCDDCCCCDCCDDDDDDDDDDCCCCCCCDCDCCCDDDDCDCDDCCDCDDDCCDCDCCCDDDDDDCDCCCCCCCDDCDDCDCCCDCDCCDCDCC,189,-395,202,0.9356435643564357,-1.9554455445544554,0,"[1, 0, 0]",True,106,15,91,12,84,9,6,51,39,5,7,40,44,1
98,8,14,0,First by Graaskamp: 0.05,Random: 0.5,CCCDDCCCCCDDDDCDDDDDCCDDDDCCDDCDCCDCDCCDCDCDDCDDCCDCDDDCDDDDDDDDDDDDDDDDDDDDDDDDDDDDDDDDDDDDDDDDDDDDDDDDDDDDDDDDDDDDDDDDDDDDDDDDDDDDDDDDDDDDDDDDDDDDDDDDDDDDDDDDDDDDDDDDDDDDD,448,260,173,2.5895953757225434,1.5028901734104045,1,"[1, 0, 0]",True,26,11,15,67,80,11,0,0,15,14,53,0,79,0
98,14,8,0,Random: 0.5,First by Graaskamp: 0.05,CCDDCCCCCDDDDCDDDDDCCDDDDCCDDCDCCDCDCCDCDCDDCDDCCDCDDDCDCDDCCCCCCCDCDCDCDCDDCCCCDDDDDCCDCDDCDCDCDCDCCDCCDDCDCDDDDDDCCCCDCDCDCDCDDCCCDDDCDDDDDCCCDCDCCCDDDCDDCDDDDDDDDDCDCCDDD,188,-260,173,1.0867052023121386,-1.5028901734104045,0,"[1, 0, 0]",True,78,11,67,15,80,4,7,28,39,7,8,38,41,1
99,9,9,0,First by Downing,First by Downing,DDDDDDDDDDDDDDDDDDDDDDDDDDDDDDDDDDDDDDDDDDDDDDDDDDDDDDDDDDDDDDDDDDDDDDDDDDDDDDDDDDDDDDDDDDDDDDDDDDDDDDDDDDDDDDDDDDDDDDDDDDDDDDDDDDDDDDDDDDDDDDDDDDDDDDDDDDDDDDDDDDDDDDDDDDDDDDDDDDDDDDDDDDDDDDDDDDD,195,0,195,1.0,0.0,0,"[0, 0, 1]",False,0,0,0,0,195,0,0,0,0,0,0,0,194,1
99,9,9,0,First by Downing,First by Downing,DDDDDDDDDDDDDDDDDDDDDDDDDDDDDDDDDDDDDDDDDDDDDDDDDDDDDDDDDDDDDDDDDDDDDDDDDDDDDDDDDDDDDDDDDDDDDDDDDDDDDDDDDDDDDDDDDDDDDDDDDDDDDDDDDDDDDDDDDDDDDDDDDDDDDDDDDDDDDDDDDDDDDDDDDDDDDDDDDDDDDDDDDDDDDDDDDDD,195,0,195,1.0,0.0,0,"[0, 0, 1]",False,0,0,0,0,195,0,0,0,0,0,0,0,194,1
100,9,10,0,First by Downing,"First by Feld: 1.0, 0.5, 200",DDCCCCCCCCCCCCCCCCCCCCCCCCCCCCCCCCCCCCCCCCCCCCCCCCCCCCCCCCCCCCCCCCCCCCCCCCCCCCCCCCCCCCCCCCCCCCCCCCCCCCCCCCCCCCCCCCCCCCCCCCCCCCCCCCCCCCCCCCCCCCCCCCCCCCCCCCCCCCCCCCCCCCCCCCCCCCC,432,-150,175,2.4685714285714284,-0.8571428571428571,0,"[0, 1, 0]",False,173,142,31,1,1,142,0,30,0,0,1,1,0,1
100,10,9,0,"First by Feld: 1.0, 0.5, 200",First by Downing,CDDCCCCCCCCCCCCCCCCCCCCCCCCCCCCCCCCCCCCCCCCCCCCCCCCCCCCCCCCCCCCCCCCCCCCDCCCCCDDCDDCCCCCCCCCCCCCCCCCDDDCCCCCCDCCDCCCCCCDCCCDCCCCCCCDCDCCDDCCCCCDCDCCCDDCCCCCDCDCCCDDDCCCDCCDDCDD,582,150,175,3.3257142857142856,0.8571428571428571,1,"[0, 1, 0]",True,143,142,1,31,1,122,20,0,1,20,10,0,1,0
101,9,11,0,First by Downing,First by Joss: 0.9,DDCCCCCCCCCCCCCCCCCCCCCCCCCCCCCCCCCCCCCCCCCCCCCCCCCCCCCCCCCCCCCCCCCCCCCCCCCCCCCCCCCCCCCCCCCCCCCCCCCCCCCCCCCCCCCCCCCCCCCCCCCCCCCCCCCCCCCCCCCCCCCCCCCCCCCCCCCCCCCCCCCCCCCCCCCCCCCCCCCCCCC,489,-95,183,2.6721311475409837,-0.5191256830601093,0,"[0, 1, 0]",False,181,161,20,1,1,160,0,20,0,0,1,1,0,1
101,11,9,0,First by Joss: 0.9,First by Downing,CDDCDCCCCCDCCCCDCCCCCCCCCCCCCDCCCCCCCCCCCCCCCCCCCCDCCCCCDCCCCCDCCCCCCCCCCDCCDCCCCCCCDCCCCCCCCCCCCCCCDCCCCCCCDCCCCCCCCCCCCCCCCCCCCCCCCCCDCCCCCCCCCCCCDCDCCCCDDCCDCCCCCCCCCCCDCCCCCCCCCCC,584,95,183,3.191256830601093,0.5191256830601093,1,"[0, 1, 0]",True,162,161,1,20,1,142,18,0,1,19,1,0,1,0
102,9,12,0,First by Downing,First by Tullock,DDCDDDDDDDDDDDDDDDDCDDDDDDDDDDDDDDDDDDCDDDDDDDDDDDDDDDDDDDDDDDDDDDDDDDDDDDDCDDDDDDDDDDDDDDDDDDDDDDDDDDDDDDDDDDDDDDDDDDDDDDDDDDDDDDDDDDDDDDDDDDDDDDDDDDDDDDDDDDDDDDDDDDDDDDDDDDDDDDDDDDDDCDDDDDD,229,30,191,1.198952879581152,0.15706806282722513,1,"[1, 0, 0]",False,5,1,4,10,176,0,1,0,4,1,9,4,171,0
102,12,9,0,First by Tullock,First by Downing,CCCCCCCCCCCDDDDDDDDDDDDDDDDDDDDDDDDDDDDDDDDDDDDDDDDDDDDDDDDDDDDDDDDDDDDDDDDDDDDDDDDDDDDDDDDDDDDDDDDDDDDDDDDDDDDDDDDDDDDDDDDDDDDDDDDDDDDDDDDDDDDDDDDDDDDDDDDDDDDDDDDDDDDDDDDDDDDDDDDDDDDDDDDDDDD,199,-30,191,1.0418848167539267,-0.15706806282722513,0,"[1, 0, 0]",True,11,1,10,4,176,1,0,9,1,0,4,0,175,1
103,9,13,0,First by Downing,First by Anonymous,DDDDDDDDDDDDDDDDDDDDDDDDDDDDDDDDDDDDDDDDDDDDDDDDDDDDDDDDDDDDDDDDDDDDDDDDDDDDDDDDDDDDDDDDDDDDDDDDDDDDDDDDDDDDDDDDDDDDDDDDDDDDDDDDDDDDDDDDDDDDDDDDDDDDDDDDDDDDDDDDDDDDDDDDDDDDDDDDDDDDDDDDDD,518,415,186,2.78494623655914,2.2311827956989245,1,"[1, 0, 0]",False,0,0,0,83,103,0,0,0,0,0,82,0,103,0
103,13,9,0,First by Anonymous,First by Downing,DCDCCCCCCDDCDDDDDCCCDCDCCCCCCDDDCDDDDDDCCDDCDDCDDDDDDDDDCDDCDCCDDDCDCDDDDDDCCDDDCDDCDDCCDDCDDDCCDCCCCDDCDCDDDCDCCDCCDDDCCDCCDCDDDDCCCCCDDCCCCDDCDDCCDDCDDCCCDCDDDCDCCDCCDCDCDCCDDDDCDDDCDC,103,-415,186,0.553763440860215,-2.2311827956989245,0,"[1, 0, 0]",False,83,0,83,0,103,0,0,37,45,0,0,46,57,1
104,9,14,0,First by Downing,Random: 0.5,DDDDDDDDDDDDDDDDDDDDDDDDDDDDDDDDDDDDDDDDDDDDDDDDDDDDDDDDDDDDDDDDDDDDDDDDDDDDDDDDDDDDDDDDDDDDDDDDDDDDDDDDDDDDDDDDDDDDDDDDDDDDDDDDDDDDDDDDDDDDDDDDDDDDDDDDDDDDDDDDDDDDDDDDDDDDDDDDDDDDDDDDDDDDDDDDDDD,583,485,195,2.98974358974359,2.4871794871794872,1,"[1, 0, 0]",False,0,0,0,97,98,0,0,0,0,0,96,0,98,0
104,14,9,0,Random: 0.5,First by Downing,DCCDDCDCCDDCCDDDCCDCDCDCDDCDCCDDCDDDDDDCDDCCCCCCDCDCCDCCDCCDCCDDCDDDCDCCDCDCCCDDCCDDCCCDDCDDCDDCCCCDCDDDDCCDCDCCCDDCDCCCDDCCCCDDDDDDDCDCCDCDCCCCCDCDDCDCDCDCDCDDCCDDCDDCCDDCCDDDCDCDDDDCCDCDDCCCDDC,98,-485,195,0.5025641025641026,-2.4871794871794872,0,"[1, 0, 0]",False,97,0,97,0,98,0,0,42,54,0,0,55,43,1
105,10,10,0,"First by Feld: 1.0, 0.5, 200","First by Feld: 1.0, 0.5, 200",CCCCCCCCCCCCCCCCCCCCCCCCCDCDCDCDCDCDCDCDDDDDDDDDDDDDDDDDDDDDDDDDDDDDDDDDDDDDDDDDDDDDDDDDDDDDDDDDDDDDDDDDDDDDDDDDDDDDDDDDDDDDDDDDDDDDDDDDDDDDDDDDDDDDDDDDDDDDDDDDDDDDDDDDDDDDDDDDDDDDDDDDDDDDDDDDDDDDDDDD,271,0,200,1.355,0.0,0,"[0, 0, 1]",True,32,25,7,7,161,24,1,0,7,7,0,0,160,1
105,10,10,0,"First by Feld: 1.0, 0.5, 200","First by Feld: 1.0, 0.5, 200",CCCCCCCCCCCCCCCCCCCCCCCCCCDCDCDCDCDCDCDDDDDDDDDDDDDDDDDDDDDDDDDDDDDDDDDDDDDDDDDDDDDDDDDDDDDDDDDDDDDDDDDDDDDDDDDDDDDDDDDDDDDDDDDDDDDDDDDDDDDDDDDDDDDDDDDDDDDDDDDDDDDDDDDDDDDDDDDDDDDDDDDDDDDDDDDDDDDDDDDD,271,0,200,1.355,0.0,0,"[0, 0, 1]",True,32,25,7,7,161,25,0,0,7,6,1,0,160,1
106,10,11,0,"First by Feld: 1.0, 0.5, 200",First by Joss: 0.9,CCCCCCCCCCCDCDDDDDDDDDDDDDDDDDDDDDDDDDDDDDDDDDDDDDDDDDDDDDDDDDDDDDDDDDDDDDDDDDDDDDDDDDDDDDDDDDDDDDDDDDDDDDDDDDDDDDDDDDDDDDDDDDDDDDDDDDDDDDDDDDDDDDDDDDDDDDDDDDDDDDDDDDDDDDDDDDDDDDDDDDDDDDDDDDDDDDDDDDDDDDDDDDD,229,-5,207,1.106280193236715,-0.024154589371980676,0,"[0, 1, 0]",True,12,10,2,1,194,10,0,0,2,1,0,0,193,1
106,11,10,0,First by Joss: 0.9,"First by Feld: 1.0, 0.5, 200",CCCCCCCCCCDCDDDDDDDDDDDDDDDDDDDDDDDDDDDDDDDDDDDDDDDDDDDDDDDDDDDDDDDDDDDDDDDDDDDDDDDDDDDDDDDDDDDDDDDDDDDDDDDDDDDDDDDDDDDDDDDDDDDDDDDDDDDDDDDDDDDDDDDDDDDDDDDDDDDDDDDDDDDDDDDDDDDDDDDDDDDDDDDDDDDDDDDDDDDDDDDDDDD,234,5,207,1.1304347826086956,0.024154589371980676,1,"[0, 1, 0]",True,11,10,1,2,194,9,1,0,1,1,1,0,193,0
107,10,12,0,"First by Feld: 1.0, 0.5, 200",First by Tullock,CCCCCCCCDCCCCDCCCCCDCCDCDCDCDDDCDDCDDDDDDDDDDDDDDDDDDDDDDDDDDDDDDDDDDDDDDDDDDDDDDDDDDDDDDDDDDDDDDDDDDDDDDDDDDDDDDDDDDDDDDDDDDDDDDDDDDDDDDDDDDDDDDDDDDDDDDDDDDDDDDDDDDDDDDDDDDDDDDDDDDDDDDDD,250,10,187,1.3368983957219251,0.053475935828877004,1,"[1, 0, 0]",True,24,17,7,9,154,15,2,0,7,8,1,0,153,0
107,12,10,0,First by Tullock,"First by Feld: 1.0, 0.5, 200",CCCCCCCCCCCCDCCCCCDCCDCDCCCDDDCDDCDDDDDDCDDDDDDDDDDDDDDDDDDDDDDDDDDDDDDDDDDDDDDDDDDDDDDDDDDDDDDDDDDDDDDDDDDDDDDDDDDDDDDDDDDDDDDDDDDDDDDDDDDDDDDDDDDDDDDDDDDDDDDDDDDDDDDDDDDDDDDDDDDDDDDDDDD,240,-10,187,1.2834224598930482,-0.053475935828877004,0,"[1, 0, 0]",True,26,17,9,7,154,14,3,4,5,4,3,3,150,1
108,10,13,0,"First by Feld: 1.0, 0.5, 200",First by Anonymous,CCCDCCCDDDCDDCDDCCCDCDCCDDDCDDCDDCDCCDCCCCCCCCDCDDDDCDDCDCDCDDDCDCDDCCCCDCCCCCDDCDDCDDCCDCCCCCDDDDDDCDDDDCDDDCCDDCCDDDCDDCDDDCDCCCDDCDDDDDCDDDDDCDDDDCDDDCDCDDDCDCDDDDDDDCCDDDDDDCDDCDDDCDDDDDDDCCCDDD,477,100,198,2.409090909090909,0.5050505050505051,1,"[1, 0, 0]",True,80,41,39,59,59,34,7,0,39,45,13,0,59,0
108,13,10,0,First by Anonymous,"First by Feld: 1.0, 0.5, 200",CCDCCCDDDCDDCDDCCCDCDCCDDDCDDCDDCDCCDCCCCCCCCDCDDDDCDDCDCDCCDDCDCDDCCCCDCCCCCDDCCCCDDCCDCCCCCDDDDDDCDDDDCDDDCCDCCCDDCCCDCDCDCCCCCDCCDDDDDCDDDDDCDDCDCDDDCCCCCDCDCDDDDCDDCCDCCDDDCCDCDCCCDDDDDDDCCCDCDC,377,-100,198,1.904040404040404,-0.5050505050505051,0,"[1, 0, 0]",True,100,41,59,39,59,23,18,28,30,18,21,30,29,1
109,10,14,0,"First by Feld: 1.0, 0.5, 200",Random: 0.5,CCCCDCCCDDDDCCDDDDDDCCCDCDDDDCDDCCCDCDDCCDDDCDDCCDCDDCDCDDCCDCCCCCDDCDCDDDDDCDDCDDDDCDCCDCCCDCCDDDCDCCDDCCDDCDCDDCCDCDDDCDCDCCCDCCDCCDCDDDDCDDCDDCCDDCDCDCCCCDDDDDDCDCCDDCDCCDDCDDDDDCDDCDDDDDDDDDDDDDCDDDDDD,513,120,205,2.502439024390244,0.5853658536585366,1,"[1, 0, 0]",True,85,43,42,66,54,34,9,0,42,50,15,0,54,0
109,14,10,0,Random: 0.5,"First by Feld: 1.0, 0.5, 200",CCCDCCCDDDDCCDDDDDDCCCCCDDDDCDDCCCDCDDCCCDDCDDCCDCDDCDCDCCCDCCCCCDDCDCDDCDDCDDCDDDDCDCCDCCCDCCCDDCDCCDDCCDCCDCDDCCDCDCDCDCDCCCDCCDCCDCDDDDCCDCDDCCDCCDCCCCCCDDDDDDCDCCDDCCCCDCCDCDDCCCDCCCCDCDDCDCDDDCCDDDCCC,393,-120,205,1.9170731707317072,-0.5853658536585366,0,"[1, 0, 0]",True,109,43,66,42,54,19,24,35,30,25,17,29,25,1
110,11,11,0,First by Joss: 0.9,First by Joss: 0.9,CCCCCCCCDCDCDCDCDCDCDCDDDDDDDDDDDDDDDDDDDDDDDDDDDDDDDDDDDDDDDDDDDDDDDDDDDDDDDDDDDDDDDDDDDDDDDDDDDDDDDDDDDDDDDDDDDDDDDDDDDDDDDDDDDDDDDDDDDDDDDDDDDDDDDDDDDDDDDDDDDDDDDDDDDDDDDDDDDDDDDDDDDDDDDDDDDDDDDDDD,234,-5,200,1.17,-0.025,0,"[0, 1, 0]",True,15,7,8,7,178,7,0,0,8,7,0,0,177,1
110,11,11,0,First by Joss: 0.9,First by Joss: 0.9,CCCCCCCDCDCDCDCDCDCDCDDDDDDDDDDDDDDDDDDDDDDDDDDDDDDDDDDDDDDDDDDDDDDDDDDDDDDDDDDDDDDDDDDDDDDDDDDDDDDDDDDDDDDDDDDDDDDDDDDDDDDDDDDDDDDDDDDDDDDDDDDDDDDDDDDDDDDDDDDDDDDDDDDDDDDDDDDDDDDDDDDDDDDDDDDDDDDDDDDD,239,5,200,1.195,0.025,1,"[0, 1, 0]",True,14,7,7,8,178,6,1,0,7,7,1,0,177,0
111,11,12,0,First by Joss: 0.9,First by Tullock,CCDCCDCCCDDCCCDCCCDCDDDDDCCDCDCCCCDDCDCCDCCDCCCDCDDDDDDDDDDDDDDDDDDDDDDDDDDDDDDDDDDDDDDDDDDDDDDDDDDDDDDDDDDDDDDDDDDDDDDDDDDDDDDDDDDDDDDDDDDDDDDDDDDDDDDDDDDDDDDDDDDDDDDDDDDDDDDDDDDDDDDDDDDDDDDDDDDDDDDDDDDDDDDDDDDDDDDDDDDDDDDDDDDDDDDDDDDDD,327,25,237,1.379746835443038,0.10548523206751055,1,"[1, 0, 0]",True,30,20,10,15,192,16,4,0,10,13,2,0,191,0
111,12,11,0,First by Tullock,First by Joss: 0.9,CCCCCCCCCCCCCDCCCDCDDDDDCCDCDCCCCDCCDCCDCCDCCCCCDDDDDDDDDDDDDDDDDDDDDDDDDDDDDDDDDDDDDDDDDDDDDDDDDDDDDDDDDDDDDDDDDDDDDDDDDDDDDDDDDDDDDDDDDDDDDDDDDDDDDDDDDDDDDDDDDDDDDDDDDDDDDDDDDDDDDDDDDDDDDDDDDDDDDDDDDDDDDDDDDDDDDDDDDDDDDDDDDDDDDDDDDDDDD,302,-25,237,1.2742616033755274,-0.10548523206751055,0,"[1, 0, 0]",True,35,20,15,10,192,14,6,11,4,8,2,1,190,1
112,11,13,0,First by Joss: 0.9,First by Anonymous,CCDDDCCCDDCCDDCCDDDCDDDDCDDDCCCDCDDDDDDCCCDCCDCCCDDDCCCDDDDCDDCDDDCCCDCCCDCCCDCCDCCDCDDCCCDDDDDDCDDCDDCCDDCDCCDDCCDCDCDCCCDCDDDDCCDCCCCDDDCDCCCDCCDDCDDDCDDDCDDCCDCCDDCCCCCCDCDCCCCCDCDCDCCDDCDCDDDCDCDDCCDDCDCCDDDCDDCDDCCD,527,50,220,2.3954545454545455,0.22727272727272727,1,"[1, 0, 0]",True,108,57,51,61,51,51,6,0,51,56,5,0,50,0
112,13,11,0,First by Anonymous,First by Joss: 0.9,CDDDCCCDDCCDDCCDDDCDCCDCDDDCCCDCDDDDDCCCCDCCDCCCDDDCCCDDDDCDDCDDDCCCDCCCDCCCDCCDCCCCDDCCCCDDDDDCDDCCCCCDDCDCCDDCCDCDCDCCCDCDDDDCCDCCCCCDDCDCCCDCCCDCDDDCCDDCDDCCDCCDDCCCCCCDCDCCCCCDCDCDCCDDCDCDDCCDCDDCCDDCDCCDDDCDDCDDCCDD,477,-50,220,2.168181818181818,-0.22727272727272727,0,"[1, 0, 0]",True,118,57,61,51,51,26,31,36,25,25,26,30,20,1
113,11,14,0,First by Joss: 0.9,Random: 0.5,CCDDDDDCDCCDDDDDDCCDCDDDDCCDDDDDDCCCDDDCDCCDDCDDCDCCDCCCCDDCCCDCDCCDDCDCDDDCDCDCCDDDCCDDDCCCCCDCCDDCDDDCCCDDCCDDDCCDCDDCDDDCDDDCDDCCDDCDCDCDDCCCDCDDCCDDDDCDDDDDCDDDCDDCDDDCDCDCCDCDCDDDDDCCDCDCDDDCDCCDC,471,65,201,2.343283582089552,0.32338308457711445,1,"[1, 0, 0]",True,86,40,46,59,56,32,7,0,46,53,6,0,56,0
113,14,11,0,Random: 0.5,First by Joss: 0.9,CDDDDDCCCCDDDDDDCCCCDCDDCCDCDDDDCCCDDDCDCCDDCDDCDCCDCCCCDDCCCDCDCCDDCDCDDDCDCDCCDCDCCDDDCCCCCDCCDDCDDDCCCCDCCDDDCCDCCDCDDDCDDDCDDCCCDCDCDCDDCCCDCCDCCDDCDCDDDDCCDDDCDDCDCDCDCDCCDCDCDDDDDCCDCDCCDDCDCCDCC,406,-65,201,2.0199004975124377,-0.32338308457711445,0,"[1, 0, 0]",True,99,40,59,46,56,14,25,28,31,25,21,31,25,1
114,12,12,0,First by Tullock,First by Tullock,CCCCCCCCCCCCDCCCCDCCCCDCCCCCCCDCCCCDDCCDCCCCCCDDDCCCCCDCCDDDDCDDDDDDDDDDDDDDDDDDDDDDDDDDDDDDDDDDDDDDDDDDDDDDDDDDDDDDDDDDDDDDDDDDDDDDDDDDDDDDDDDDDDDDDDDDDDDDDDDDDDDDDDDDDDDDDDDDDDDD,293,10,180,1.6277777777777778,0.05555555555555555,1,"[1, 0, 0]",True,47,36,11,13,120,31,5,6,5,8,5,1,118,0
114,12,12,0,First by Tullock,First by Tullock,CCCCCCCCCCCCCCCCCCCDCCCCCCDDDDCCCDCCCCDCCCCCCDDCCCCCCCCDDDCCDDDCDDDDDDDDDDDDDDDDDDDDDDDDDDDDDDDDDDDDDDDDDDDDDDDDDDDDDDDDDDDDDDDDDDDDDDDDDDDDDDDDDDDDDDDDDDDDDDDDDDDDDDDDDDDDDDDDDDDD,283,-10,180,1.5722222222222222,-0.05555555555555555,0,"[1, 0, 0]",True,49,36,13,11,120,31,5,10,3,4,7,3,116,1
115,12,13,0,First by Tullock,First by Anonymous,CCCCCCCCCCCDDDDDDCCDCDDDDDDDCCCDDDDDDDDDDDDDCDDCCCCDDDDDDDCDDDDDDCDDDDDDDCDCDDDDCDCCDCCCDDCDDDDDDDDDDDDDCDCDCCDDDCCDDDDCDDCCCCDCDDDDDDCDCDDCCDDCDDDDCDCDCCDCDCCCCCDCCDDCDDDCDCDCDCCDCCDDDDDDDDDDDDCDDCDDCC,478,110,202,2.366336633663366,0.5445544554455446,1,"[1, 0, 0]",True,74,34,40,62,66,14,19,20,20,20,42,19,47,0
115,13,12,0,First by Anonymous,First by Tullock,DCCDDCDCDCCCCDDCDDDDDCCCDDDDDDDCCCDDDCDCDCCDCCDDCCDDDDDCDDDCDDDCCCDCDDCDCDDCCCCDDCCDDDDCCCCCDDDDCDCDDDCCCCDCCDCDCDCDDCCCCDCDCDCDDCCDCCCCDDDCDDCCDDCCCDCCCCCCCDDDDDCDDCDDCDDCDCDCDCDDDDDDDCCCDDCDCCCDDDCCDC,368,-110,202,1.8217821782178218,-0.5445544554455446,0,"[1, 0, 0]",False,96,34,62,40,66,15,18,31,31,20,20,30,36,1
116,12,14,0,First by Tullock,Random: 0.5,CCCCCCCCCCCCDCDDCDCCCCCDDDDCDCDDDDCCDDCCDDCCDCDDDCDDCCDDCDDDDCDCDCDDDDDDDDDDDDCDCDDCDCDDCCCDCCDDDDCDDDDDCDDCDCCDDCCCCCCDCDDDDDDDCDDDCCCDDCDDCCDCDDCCCCCCCCCCCCDCCDCDDDDDCDCDCCCDCDDDDDDCDDDDCDCDCDDDD,459,50,197,2.3299492385786804,0.25380710659898476,1,"[1, 0, 0]",True,89,45,44,54,54,25,20,20,24,27,26,16,38,0
116,14,12,0,Random: 0.5,First by Tullock,CCDCCDDDDCDCCDCCCCDCCDDDCDCDCDDCCCDDDDCCDCCDCDCCCDCDCCDDCCDDCDDCDDDDDDDCDDDDDCCDCCDCCDDCCCDDCDCCDDDCDDDCCCCCCDCCCDCDCDDDDDDDDCCCCDDDDDCCDDDCCCCCCCCCCCCDCCCDCDCDDDDCDDCDCCCCDDDDDDCCDDCDCDCDDCCCCCDDC,409,-50,197,2.0761421319796955,-0.25380710659898476,0,"[1, 0, 0]",True,99,45,54,44,54,28,17,25,28,21,23,24,30,1
117,13,13,0,First by Anonymous,First by Anonymous,CDCDCCCCDCDDCCDCCCCCCCCDDDDDCDDDDDDDCDDCDCCCCDCDCDCDDCCDDCCDDDDDCDCDCCCDDDDDDDDCCCDCDDCCCCCCDDDDCCDCDDDDCCCDCCCDDDCDCCCDCCCCCCDCCCDCCCDDCDCCDCDCCCDDDCDCDDCCCCDCCCCDCCCDDCCDDDCCDCCCDDDDDDDCCCC,449,-5,191,2.350785340314136,-0.02617801047120419,0,"[0, 1, 0]",True,102,44,58,57,32,24,19,35,23,25,32,17,15,1
117,13,13,0,First by Anonymous,First by Anonymous,DCCCDDCDCCCDDCCDDDDDCDDCCDDDDCCCCDCCDCDDCDDCDCDCDDCCCCDDCDCCDCCDCCDCDCDCCCCCCDDCCDCCDCDCCDCDDCDDDDDCDDCDDDCDDDCDCCDCCDDCCCCDDCCDDDDDCCDCCCDCDDCCCCCCCDDCCDCDDDDCCCCCDDCCCDDCCCDDDDCCCDDCCCDCCDC,454,5,191,2.3769633507853403,0.02617801047120419,1,"[0, 1, 0]",False,101,44,57,58,32,25,18,28,29,31,27,17,15,0
118,13,14,0,First by Anonymous,Random: 0.5,DDDDCDCCCCCCCCDCDDCCCCCDCDCCCCDDDCCDDDCDDCDCDCDDDDCDCCDCCCDCCCCCDDCCDDCCDCDDDCCCCCDDDCDCCDCDCDCDCDDDDCCDDCDCCCCDCDDCDCDCDDDCCCCCCDDCDDCCCCDCCDCCCCDCDCDDCDCCDDCDCDDCCDDCCCCCDCCCCCCDCCCCDCCDDCDC,418,-60,192,2.1770833333333335,-0.3125,0,"[0, 1, 0]",False,110,56,54,42,40,34,21,26,28,25,17,25,15,1
118,14,13,0,Random: 0.5,First by Anonymous,CDDDDCCDCCDCCDDCDCCDDCCDDCDCDDCCCCDCCDDDCDCCCCCCDDCCCCCDCDCCDCDCCDDCDDCDCDCCDCCDCDDCDCDDCDCCCDCCDCDDDCDDCDDDDDDDCCDCDDDCDCDCCDCCDDDDCDDDDCCDDDDCDCCDCDCCDCCCDCCCDDDDDDDDDCCDCCDCCCDCCCCDDCDCCCCC,478,60,192,2.4895833333333335,0.3125,1,"[0, 1, 0]",True,98,56,42,54,40,25,30,21,21,32,22,19,21,0
119,14,14,0,Random: 0.5,Random: 0.5,CDDDDDCCDDDCCDCCCDDCCDCDCDCCCCCCCCDDCDCDDCDCCCCCCCDCCDDCDDCCDDCDDDCCDCCDCDCDCCCDDCDCDCDDDCDDCDDDDCDCDDCDDDDCCCCDCCCDDDCCDDDDDDDDCDCDDCCDCDCDCDCDDCCCCDDDDCCCCCCDDDCDCDDDCCCDCDCCDDCCCCDC,421,10,184,2.2880434782608696,0.05434782608695652,1,"[1, 0, 0]",True,93,50,43,45,46,29,21,16,26,21,24,26,20,0
119,14,14,0,Random: 0.5,Random: 0.5,CCCDDCCCDCCDCDDDCCCDCDDDCCCCCCDCCDCCDDDCCDDCCDCDDDDCCCCDDDCDCDDCDDDCCCDDCDDCCDCDCDDDDDCCDCCDCCDDDDDDDCDDCCDCCCCCCDDCDCDDDCCCDDCDCDDDDDCDDCDCDDCDCCCCCCDDCDCCDCCCDCCDCDCDCCDCDCCDCDDCCCCD,411,-10,184,2.233695652173913,-0.05434782608695652,0,"[1, 0, 0]",True,95,50,45,43,46,29,21,18,27,23,19,24,22,1
